"Node_ID","Node_Name","Node_Order","Node_Type","Downstream_Node","Latitude","Longitude","County"
64_AWP003,"Water District 64, Sedgw",0,Well,64_AWP002,,,
64_AWP002,"Water District 64, Sedgw",0,Well,64_AWP004,,,
64_AWP004,"Water District 64, Sedgw",0,Well,64_AWP005,,,
64_AWP005,"Water District 64, Sedgw",0,Well,06764000,,,
6402542_ReW,LSPWCD Recharge Well,0,Well,6402542_R,,,
6402542_R,LSP Recharge Res,0,Reservoir,6402542_RL,,,
6402542_RL,LSP Liddle Recharge Res,0,Reservoir,64_AUP001_I,,,
6402542_RH,LSP Heyborne Recharge Re,0,Reservoir,6400643,,,
Lodge_Pole,Lodge Pole Creek    _OTH,0,Other,64_AWP001,,,
64_AWP001,"Water District 64, Sedgw",0,Well,6402517_ReW,,,
6402517_ReW,Sedgwick Cty Recharge We,0,Well,6402517_RP,,,
6402517_RP,Sedgwick Peterson RA,0,Reservoir,6402542_RP,,,
6402542_RP,LSP Peterson Recharge Re,0,Reservoir,6402517_AuW,,,
6402517_AuW,Sedgwick Cty Aug Well,0,Well,6402517_RS,,,
6402517_RS,Sedgwick SReserv RA,0,Reservoir,6400502,,,
Cottonwood,Cottonwood Creek    _OTH,0,Other,6400542,,,
6400542,MCWILLIAMS CANAL,0,Diversion,6400801,40.952064,-102.640800,SEDGWICK
6400801,COTTONWOOD CR RCHRG PUMP,0,Diversion,6402517_R,40.924186,-102.613185,SEDGWICK
6402517_R,Sedgwick JIDSeep RA,0,Reservoir,6400504,,,
6403906,Julesburg Res,0,Reservoir,6400511_I,40.933702,-102.630829,SEDGWICK
6400511_I,HARMONY DITCH 1 DEMAND,0,Diversion and Well,6402518_R,,,
6402518_R,Harmony Recharge Res,0,Reservoir,6402536_RH,,,
6402536_RH,LL UHD Recharge Res,0,Reservoir,Julesburg_O,,,
Julesburg_O,Julesburg Outfall   _OTH,0,Other,6400504,,,
64_AWP009,"Water District 64, Lower",0,Well,6402525_R,,,
6402525_AuW,Condon Aug Well,0,Well,6402525_ReW,,,
6402525_ReW,Condon Recharge Well,0,Well,6402525_R,,,
6402525_R,Condon Recharge Res,0,Reservoir,6400508,,,
Ramsey_D,Ramsey Draw         _OTH,0,Other,64_AWP006,,,
64_AWP006,"Water District 64, Lower",0,Well,6402536_R,,,
6402536_R,LLWUA Recharge Res,0,Reservoir,6402536_ReW,,,
6402536_ReW,Lower Logan Recharge Wel,0,Well,6402536_AuW,,,
6402536_AuW,Lower Logan Aug Well,0,Well,6400511_D,,,
6403551,North Sterling Res,0,Reservoir,6403392_R,40.781864,-103.257776,LOGAN
6403392_R,NSterling Recharge Res,0,Reservoir,0100687_I,,,
0100687_I,NORTH STERLING DEMAND,0,Diversion and Well,Sterling_O,,,
Sterling_O,NSterling Outfall   _OTH,0,Other,6403392,,,
64_AWP008,"Water District 64, Lower",0,Well,6400514,,,
64_AWP007,"Water District 64, Lower",0,Well,6400519,,,
Cedar_C,Cedar Creek         _OTH,0,Other,6400584,,,
6400584,I O JONES DITCH & RESERV,0,Diversion,6403551_Ced,40.911417,-103.648450,WELD
6403551_Ced,Cedar to Sterling,0,Diversion,64_AWP013,,,
64_AWP013,"WD 64, Logan County N of",0,Well,64_AWP014,,,
64_AWP014,"WD 64, Logan County Nort",0,Well,6402540_R,,,
6402540_AuW,Low Line Aug Well,0,Well,6402540_R,,,
6402540_R,Lowline Recharge Res,0,Reservoir,6402536_RI,,,
6402536_RI,LL IPV Recharge Res,0,Reservoir,6400520,,,
6402536_RB,LL Bravo Recharge Res,0,Reservoir,6400522_D,,,
64_AMP001_O,WD 64 Muni Out,0,Well,64_AMP001_I,,,
64_AMP001_I,WD 64 Muni Ind,0,Well,6402515,,,
6402515,SterlingRechargeArea,0,Reservoir,6402540,40.654933,-103.129569,LOGAN
6402526_AuW,Sterling Aug Well,0,Well,6402526_R,,,
6402526_R,Sterling Recharge Res,0,Reservoir,6400528_A,,,
6400528_A,SterlingNo1 WR RA,0,Reservoir,6400525_A,,,
6400525_A,HendersonSmith WR RA,0,Reservoir,6402526,,,
6400525_PL,Henderson-Smith WR P_PLN,0,Other,6400525,,,
64_AWP012,"WD 64, Logan County S of",0,Well,6400526,,,
Pawnee_C,Pawnee Creek        _OTH,0,Other,6403551_Paw,,,
6403551_Paw,Pawnee to Sterling,0,Diversion,64_AWP011,,,
64_AWP011,"Water District 64, Logan",0,Well,6402539_RT,,,
6402539_RT,LWU Sterling Recharge Re,0,Reservoir,6400528,,,
6400528_PL,SterlingNo1 WR Plan _PLN,0,Other,6400528,,,
6402519_AuW,Dinsdale Aug Well,0,Well,6402519_ReW,,,
6402519_ReW,Dinsdale Recharge Well,0,Well,6402519_R,,,
6402539_AuW,Logan Aug Well,0,Well,6402539_ReW,,,
6402539_ReW,Logan Recharge Well,0,Well,6402539_R,,,
Twentytwo_S,Twentytwo Slough    _OTH,0,Other,64_AWP015,,,
64_AWP015,"Water District 64, Logan",0,Well,6402539_R,,,
6402539_R,LWU Recharge Res,0,Reservoir,6402519_R,,,
6402519_R,Dinsdale Recharge Res,0,Reservoir,6402539_RS,,,
6402539_RS,LWU Springdale Recharge,0,Reservoir,6400530,,,
6402539_RC,LWU Schneider Recharge R,0,Reservoir,6400531,,,
6402539_RF,LWU Farmers Recharge Res,0,Reservoir,6400533,,,
6403552,Prewitt Res,0,Reservoir,Prewitt_O,40.423029,-103.361477,WASHINGTON
Prewitt_O,Prewitt Outfall     _OTH,0,Other,6402539,,,
Left Hand Dr,_OTH,0,Other,64_AWP017,,,
64_AWP017,"WD 64, Logan County Nort",0,Well,64_AWP016,,,
64_AWP016,"Water District 64, Weld",0,Well,64_AWP010,,,
64_AWP010,"WD 64, Logan County Nort",0,Well,6402539_RP,,,
6402539_RP,LWU South Platte Recharg,0,Reservoir,6400535,,,
Camp_Crk,Camp Creek          _OTH,0,Other,01_AWP001,,,
01_AWP001,Camp Creek Designated Ba,0,Well,0100687,,,
Beaver_C,Beaver Creek        _OTH,0,Other,01_AWP005,,,
01_AWP005,"WD 1, Washington County",0,Well,01_AWP004,,,
01_AWP004,"WD 1, Main Stem Beaver C",0,Well,01_AWP003,,,
01_AWP003,"WD 1, Upper Beaver Creek",0,Well,0102535_R,,,
0102535_R,Lower PB Recharge Res,0,Reservoir,0102535_RL,,,
0102535_RL,LPB_RA_LIMIT        _PLN,0,Other,0102535_ReW,,,
0102535_ReW,LPB Recharge Well,0,Well,0100687,,,
0103651,Riverside Res,0,Reservoir,0100503_I,40.328515,-104.243210,WELD
0100503_I,RIVERSIDE CANAL DEMAND,0,Diversion and Well,0102522_RL,,,
0102522_RL,RIVERSIDE_RA_Limit  _PLN,0,Other,0102522_R,,,
0102522_R,Riverside Recharge Res,0,Reservoir,Riverside_O,,,
Riverside_O,_OTH,0,Other,0100711,,,
Wildcat_C,Wildcat Creek       _OTH,0,Other,01_AWP002,,,
01_AWP002,South Platte River below,0,Well,0102518_R,,,
0102518_R,Pioneer Recharge Res,0,Reservoir,0102518_RL,,,
0102518_RL,PIONEER_RA_Limit    _PLN,0,Other,0100520,,,
Badger_C,Badger Creek        _OTH,0,Other,01_AWP007,,,
01_AWP007,WellOnly - South Platte,0,Well,0102529_R,,,
0102529_R,Upper PB Recharge Res,0,Reservoir,0102529_RL,,,
0102529_RL,UPPER_PB_RA_Limit   _PLN,0,Other,0100518,,,
Sand_Arroyo,Sand Arroyo         _OTH,0,Other,01_AWP006,,,
01_AWP006,6 South Platte River bel,0,Well,01_AWP011,,,
Bijou_C,Bijou Creek         _OTH,0,Other,0100565,,,
0100565,MAGUIRE DITCH,0,Diversion,0100570,39.270951,-104.331852,ELBERT
0100570,East Gulch Ditch,0,Well,0103576,39.504729,-104.267555,ELBERT
0103576,BRAMKAMP RES,0,Diversion,01_AWP040,39.838450,-104.026896,ADAMS
01_AWP040,Upper Kiowa Bijou Design,0,Well,01_AWP039,,,
01_AWP039,Upper Kiowa Bijou Design,0,Well,01_AWP009,,,
01_AWP009,Upper Kiowa Bijou Design,0,Well,01_AWP013,,,
01_AWP013,Lower Kiowa Bijou Design,0,Well,01_AWP014,,,
01_AWP014,Lower Kiowa Bijou Design,0,Well,01_AWP015,,,
01_AWP015,Lower Kiowa Bijou Design,0,Well,01_AWP012,,,
01_AWP012,Lower Kiowa Bijou Design,0,Well,01_AWP011,,,
01_AWP011,Lower Kiowa Bijou Design,0,Well,01_AWP010,,,
01_AWP010,Lower Kiowa Bijou Design,0,Well,0102528_R,,,
0102528_R,Ft Morgan Canal Recharge,0,Reservoir,0102528_RL,,,
0102528_RL,FT_MORGAN_RA_Limit  _PLN,0,Other,BijouCk_O,,,
BijouCk_O,BijouCreekOutflow   _OTH,0,Other,0100517,,,
0103816,Empire Res,0,Reservoir,0103570,40.378525,-104.483983,WELD
0103570,Bijou Res,0,Reservoir,0100507_I,40.291067,-103.998234,MORGAN
0100507_I,BIJOU CANAL DEMAND,0,Diversion and Well,0103339_RL,,,
0103339_RL,BIJOU_RA_Limit      _PLN,0,Other,0103339_R,,,
0103339_R,Bijou Aug Recharge Res,0,Reservoir,Bijou_O,,,
Bijou_O,BijouIrrOutfall     _OTH,0,Other,0100517,,,
Coal_Bank_D,Coal Bank Draw      _OTH,0,Other,0100514,,,
Kiowa_C,Kiowa Creek         _OTH,0,Other,01_AWP008,,,
01_AWP008,Upper Kiowa Bijou Design,0,Well,01_AWP021,,,
01_AWP021,1 Lower Kiowa Bijou Desi,0,Well,01_AWP020,,,
01_AWP020,Lower Kiowa Bijou Design,0,Well,01_AWP019,,,
01_AWP019,Lower Kiowa Bijou Design,0,Well,01_AWP018,,,
01_AWP018,Lower Kiowa Bijou Design,0,Well,01_AWP016,,,
01_AWP016,Lower Kiowa Bijou Design,0,Well,01_AWP017,,,
01_AWP017,Lower Kiowa Bijou Design,0,Well,01_AWP029,,,
01_AWP029,South Platte River Above,0,Well,01_AWP030,,,
01_AWP030,South Platte River Above,0,Well,01_AWP028,,,
01_AWP028,South Platte River Above,0,Well,01_AWP027,,,
01_AWP027,South Platte River Above,0,Well,01_AWP026,,,
01_AWP026,South Platte River Above,0,Well,KiowaCk_O,,,
KiowaCk_O,KiowaCreekOutflow   _OTH,0,Other,0100514,,,
0103817,Jackson Res,0,Reservoir,0103817_I,40.386219,-104.079945,MORGAN
0103817_I,JACKSON RESERVOIR DEMAND,0,Diversion and Well,Jackson_O,,,
Jackson_O,Jackson Lake Outfall_OTH,0,Other,01_AWP033,,,
0102513_Rn,N Rothe Recharge Res,0,Reservoir,0102513_RnL,,,
0102513_RnL,_PLN,0,Other,0102513,,,
0102513_Rs,S Rothe Recharge Res,0,Reservoir,0102513_RsL,,,
0102513_RsL,_PLN,0,Other,0102513,,,
Lost_C,Lost Creek          _OTH,0,Other,01_AWP025,,,
01_AWP025,Upper Lost Creek Designa,0,Well,01_AWP024,,,
01_AWP024,Lower Lost Creek Designa,0,Well,01_AWP023,,,
01_AWP023,Lower Lost Creek Designa,0,Well,01_AWP022,,,
01_AWP022,Lower Lost Creek Designa,0,Well,01_AWP031,,,
01_AWP031,South Platte River below,0,Well,LostCk_O,,,
LostCk_O,LostCreekOutflow    _OTH,0,Other,0100513,,,
0103592,HenrylynReservoirSystem,0,Reservoir,0200805_I,40.001429,-104.580590,WELD
0200805_I,DENVER-HUDSON CNL,0,Diversion and Well,Box_Elder,,,
Box_Elder,Box Elder Creek     _OTH,0,Other,01_AWP043,,,
01_AWP043,"WD 1, Running Creek",0,Well,01_AWP035,,,
01_AWP035,"WD 1, Upper Boxelder Cre",0,Well,01_AWP042,,,
01_AWP042,Boxelder Creek below Hor,0,Well,01_AWP044,,,
01_AWP044,"WD 1, Lower Boxelder Cre",0,Well,01_AWP032,,,
01_AWP032,"WD 1, Lower Boxelder Cre",0,Well,9903334_A,,,
Crow_C,Crow Creek          _OTH,0,Other,01_AWP037,,,
01_AWP037,South Platte River below,0,Well,01_AWP038,,,
01_AWP038,Upper Crow Creek Designa,0,Well,0100620,,,
0100620,Consolidated Larson D,0,Well,9903334_E,40.942781,-104.264644,WELD
02_AWP002,WD2 Agg Wellsw abv Barr,0,Well,0203837,,,
0203837,Barr Lake,0,Reservoir,0203837_I,39.958863,-104.755514,ADAMS
0203837_I,FRICO-BARR LAKE DEMAND,0,Diversion and Well,02_AWP001,,,
02_AWP001,WD2 Agg Wells1 blw Barr,0,Well,0200817_I,,,
0200817_I,EVANS NO 2 DEMAND,0,Diversion and Well,0203876,,,
0203876,Milton Reservoir,0,Reservoir,0203876_I,40.238979,-104.638501,WELD
0203876_I,FRICO-MILTON LAKE DEMAND,0,Diversion and Well,9903334_E,,,
0200828_I,UNION IRRIGATION DEMAND,0,Diversion and Well,0203858,,,
0203858,Lower Latham Reservoir,0,Reservoir,0200834_I,40.356691,-104.634075,WELD
0200834_I,LOWER LATHAM DEMAND,0,Diversion and Well,9903334_D,,,
0200808_RB,FulBri WR RA,0,Reservoir,9902541_PlR,,,
9902541_PlR,Brighton HCU Accreti_PLN,0,Other,9902541,,,
USP_RL,Release Limits for U_PLN,0,Other,CLPRF,,,
CLPRF,Poudre River RF blw Gage,0,StreamGage,CenHighRFs,,,
06752500,CACHE LA POUDRE RIVER NE,0,StreamGage,CenHighRFs,40.417759,-104.639961,WELD
0200837_I,HIGHLAND DEMAND,0,Diversion and Well,9903334_B,,,
HighSplPln,Highland Split Plan _PLN,0,Other,HighIrrPln,,,
HighIrrPln,Highland Irrig Plan _PLN,0,Other,CenHighPln,,,
CenHighPln,Central Highland Pln_PLN,0,Other,0200837,,,
0404146RS,Hertha-Welch-Loveland,0,Reservoir,0400521_I,,,
0400521_I,HANDY DITCH DEMAND,0,Diversion and Well,0400599,,,
0404156,Boulder Larimer Res,0,Reservoir,0400588_I,40.258925,-105.091725,BOULDER
0400588_I,BOULD LARIM CO IRR MFG D,0,Diversion and Well,0400592,,,
0400692_I,St. Vrain Irrigation,0,Diversion,0400692_L1,,,
0400692_L1,StVrTurnoutToLittleT,0,Diversion,0400692_L2,,,
0400692_L2,St Vr divn to Hertha Res,0,Diversion,0400692_X,,,
0400692_X,ExportToStVr&BldrCk,0,Diversion,0400602,,,
LTCANYCO,LITTLE THOMPSON RIVER AT,0,StreamGage,0400602,40.258038,-105.206386,
0400602,SUPPLY LATERAL DITCH,0,Diversion,0400588,40.259247,-105.200127,BOULDER
0400588,Boulder Larimer Ditch,0,Diversion,0400603,40.258656,-105.175665,BOULDER
0400603,W R BLOWER DITCH 1,0,Diversion,0400592,40.257525,-105.167172,BOULDER
0400592,EAGLE DITCH,0,Diversion,0400596,40.264953,-105.144057,LARIMER
0400596,JIM EGLIN DITCH,0,Diversion,0400600,40.274232,-105.121105,LARIMER
0400600,OSBORNE CAYWOOD DITCH,0,Diversion,04_AWP002,40.278601,-105.091823,LARIMER
04_AWP002,,0,Well,0400601,,,
0400601,Rockwell Ditch,0,Well,0400599,40.293766,-105.061805,LARIMER
0400599,MINER LONGAN DITCH,0,Diversion,0400587,40.300673,-104.983291,WELD
0400587,BEELINE DITCH,0,Diversion,04_AWP005,40.329789,-104.876041,WELD
04_AWP005,,0,Well,06743500,,,
06743500,LITTLE THOMPSON RIVER AT,0,Other,0400517,40.335260,-104.865250,WELD
0403659,Green Ridge Glade Res,0,Reservoir,04_Lovelnd_I,40.434447,-105.212223,LARIMER
04_Lovelnd_I,LovelandIndoorDem,0,Diversion,04_Lovelnd_O,,,
04_Lovelnd_O,LovelandOutdoorDem,0,Diversion,0400523,,,
0404110RS,Loveland-Horseshoe-Boyd,0,Reservoir,0400702,,,
0400702,Greeley Boyd Filter Plan,0,Diversion,0400532_I,40.409005,-105.032855,LARIMER
0400532_I,LOVELAND GREELEY DEMAND,0,Diversion and Well,06741510,,,
0404171RS,Ryan Gulch-Southside,0,Reservoir,0400543_I,,,
0400543_I,South Side Irrigation,0,Diversion,0400519,,,
0404138RS,Rist-Donath-Fairport,0,Reservoir,0400530_I,,,
0400530_I,LOUDEN DITCH DEMAND,0,Diversion and Well,0400532,,,
0400520_I,George Rist Irrigation,0,Diversion,0400524_I,,,
0400524_I,HOME SUPPLY DEMAND,0,Diversion and Well,0404137RS,,,
0404137RS,Lon Hagler-Lone Tree-Mar,0,Reservoir,0400503,,,
0400574,BUCKHORN HIGHLINE DITCH,0,StreamGage,0400578,40.520990,-105.259505,LARIMER
0400578,KIRCHNER DITCH,0,Diversion,0400580,40.520919,-105.251052,LARIMER
0400580,PERKINS DITCH,0,Diversion,0400582,40.509413,-105.229976,LARIMER
0400582,UNION DITCH,0,Diversion,0400583,40.493149,-105.220938,LARIMER
0400583,Victory Irrig Cnl,0,Well,06739500,40.477079,-105.209927,LARIMER
06739500,BUCKHORN CREEK NEAR MASO,0,StreamGage,0400501,40.434444,-105.184441,LARIMER
0400691_I,HANSEN FEEDER DEMAND,0,Diversion and Well,0400691_L,,,
0400691_L,Hansen Fdr to Lvlnd Res,0,Diversion,0400691_X,,,
0400691_X,HansenFdrTtoHorse,0,Diversion,0400543,,,
OrigXferPln,OriginalTransfersPlanSp,0,Operational,Barnes_Pln,,,
Barnes_Pln,Barnes202APlanSpill,0,Operational,BarnLV_Pln,,,
BarnLV_Pln,BarnesLovelandPlanSpill,0,Operational,BarnDL_Pln,,,
BarnDL_Pln,BarnesDitchLossPlanSpill,0,Operational,BigTMfg_Pln,,,
BigTMfg_Pln,BigTMfg202APlanSpill,0,Operational,BigTLV_Pln,,,
BigTLV_Pln,BigTMfgLovelandPlanSpill,0,Operational,BigTDL_Pln,,,
BigTDL_Pln,BigTMfgDitchLossPlanSpil,0,Operational,ChubbuckPln,,,
ChubbuckPln,Chubbuck202APlanSpill,0,Operational,ChubLV_Pln,,,
ChubLV_Pln,ChubbuckLovelandPlanSpil,0,Operational,ChubDL_Pln,,,
ChubDL_Pln,ChubbuckDitchLossPlanSpi,0,Operational,GeoRist_Pln,,,
GeoRist_Pln,GeorgeRist202APlanSpill,0,Operational,GeoRLV_Pln,,,
GeoRLV_Pln,GeorgeRistLovelandPlanSp,0,Operational,GeoRDL_Pln,,,
GeoRDL_Pln,GeorgeRistDitchLossPlanS,0,Operational,Louden_Pln,,,
Louden_Pln,Louden202APlanSpill,0,Operational,LoudLV_Pln,,,
LoudLV_Pln,LoudenLovelandPlanSpill,0,Operational,LoudDL_Pln,,,
LoudDL_Pln,LoudenDitchLossPlanSpill,0,Operational,SouSide_Pln,,,
SouSide_Pln,SouthSide202APlanSpill,0,Operational,SouSdLV_Pln,,,
SouSdLV_Pln,SouthSideLovelandPlanSpi,0,Operational,SouSdDL_Pln,,,
SouSdDL_Pln,SouthSideDitchLossPlanSp,0,Operational,0400511,,,
0404513,Carter Lake,0,Reservoir,0401002,40.323103,-105.211764,LARIMER
0401002,Hansen Feeder Wastewat,0,Diversion,0401001,40.419839,-105.224181,LARIMER
0401001,Big T Power Plant,0,Diversion,0400691,40.419839,-105.224181,LARIMER
0400691,Hansen Feeder Canal,0,Diversion,0400692,40.423493,-105.224150,LARIMER
0400692,St. Vrain Supply Canal,0,Diversion,0401000_R,40.326933,-105.216045,LARIMER
0401000_R,Return point for CBT wat,0,Diversion,0400521,,,
06734500,FISH CREEK NEAR ESTES PA,0,StreamGage,0404128,40.368595,-105.493886,LARIMER
06733000,BIG THOMPSON RIVER AT ES,0,StreamGage,0400518_O,40.378317,-105.513887,LARIMER
0404634,Adams Tunnel,0,Diversion,CBT_AllPln,,,LARIMER
CBT_AllPln,_PLN,0,Other,AdamsTunPln,,,
AdamsTunPln,Adams Tunnel Plan   _PLN,0,Other,LoveCBTPln,,,
LoveCBTPln,_PLN,0,Other,0400518_O,,,
0400518_O,EstesParkOutdoorDem,0,Diversion,0400518_I,,,
0400518_I,EstesParkIndoorDem,0,Diversion,0404128,,,
0404128,Lake Estes,0,Reservoir,0404128_M,40.375925,-105.494758,LARIMER
0404128_M,Min Bypass Oly,0,InstreamFlow,0402110,,,
0402110,BIG T OLYMPUS/DRAKE M FL,0,InstreamFlow,0401000,40.376504,-105.485492,LARIMER
0401000,Olympus Tunnel,0,Diversion,06735500,40.373630,-105.488160,LARIMER
06735500,BIG THOMPSON RIVER NEAR,0,StreamGage,0402112,40.376373,-105.485553,LARIMER
06736000,NORTH FORK BIG THOMPSON,0,StreamGage,0400561,40.433317,-105.338879,LARIMER
0400561,BLACK CANNON DITCH,0,Diversion,0402112,40.402401,-105.540841,LARIMER
0402112,LOVELAND PWR-DILLE M FL,0,InstreamFlow,0400540,40.420038,-105.281419,LARIMER
0400540,DILLE TUNNEL,0,Diversion,04_ARP005,40.418348,-105.243940,LARIMER
04_ARP005,Upper WD4 Agg Rsvr,0,Reservoir,06738000,,,
06738000,BIG THOMPSON RIVER AT MO,0,StreamGage,0400521,40.421650,-105.226652,LARIMER
0400521,Handy Ditch,0,Diversion,0400511,40.421351,-105.224913,LARIMER
0400511,Loveland Pipeline,0,Diversion,0400524,40.424810,-105.210543,LARIMER
0400524,Home Supply Ditch,0,Diversion,0400543,40.424576,-105.210707,LARIMER
0400543,South Side Ditch,0,Diversion,0400530,40.417239,-105.191719,LARIMER
0400530,Louden Ditch,0,Diversion,0400520,40.417612,-105.189786,LARIMER
0400520,George Rist Ditch,0,Diversion,0400501,40.417267,-105.180167,LARIMER
0400501,Barnes Ditch,0,Diversion,04_AWP004,40.405931,-105.142707,LARIMER
04_AWP004,,0,Well,0400534,,,
0400534,MARIANA DITCH,0,Diversion,0400541,40.402245,-105.129041,LARIMER
0400541,RIST GOSS DITCH,0,Diversion,0400503,40.400349,-105.123970,LARIMER
0400503,BIG THOMPSON DITCH & MAN,0,Diversion,0400532,40.397700,-105.106490,LARIMER
0400532,Loveland Greeley Ditch,0,Diversion,0400519,40.398151,-105.106361,LARIMER
0400519,Farmers Irrigation Canal,0,Well,06741510,40.391322,-105.083421,LARIMER
06741510,BIG THOMPSON RIVER AT LO,0,StreamGage,0400523,40.378595,-105.061091,LARIMER
0400523,Hillsborough Ditch,0,Well,BIGHILCO,40.385811,-105.014609,LARIMER
BIGHILCO,BIG THOMPSON RIVER AT HI,0,Other,0400522,40.385260,-105.015260,
0400522,Hill Brush Ditch,0,Well,0400502,40.386918,-104.950033,LARIMER
0400502,Big T & Platte R Ditch,0,Well,0400517,40.346120,-104.891307,WELD
0400517,Evanstown Ditch,0,Well,04_AUP002_I,40.346434,-104.791632,WELD
04_AUP002_I,Little T Wtr Dist In,0,Diversion,04_AUP002_O,,,
04_AUP002_O,Little T Wtr Dist Out,0,Diversion,04_ARP006,,,
04_ARP006,Lower WD4 Agg Rsvr,0,Reservoir,04_ASP004,,,
04_ASP004,WD4 Agg Stock Pond,0,Reservoir,04_AWP001,,,
04_AWP001,,0,Well,AggWell_04,,,
AggWell_04,_PLN,0,Other,GwOnly_04,,,
GwOnly_04,_PLN,0,Other,06744000,,,
06744000,BIG THOMPSON RIVER AT MO,0,StreamGage,9903334_C,40.349983,-104.784966,WELD
SN3SplPln,Section No 3 Split P_PLN,0,Other,SN3IrrPln,,,
SN3IrrPln,Section No 3 Irr Pln_PLN,0,Other,CenSN3Pln,,,
CenSN3Pln,Central Sec. No 3 Pl_PLN,0,Other,0200830,,,
0504032,HIGHLAND RES NO. 2,0,Reservoir,0504037,40.251667,-105.141101,BOULDER
0504037,HIGHLAND RES NO.1,0,Reservoir,0504038,40.211441,-104.989208,WELD
0504038,HIGHLAND RES NO. 3,0,Reservoir,0500526_I,40.196954,-104.989120,WELD
0500526_I,HIGHLAND DITCH DEMAND,0,Diversion and Well,0500939,,,
0504073,MCINTOSH RESERVOIR,0,Reservoir,0503905,40.195830,-105.140451,BOULDER
0503905,UNION RESERVOIR,0,Reservoir,0500547_I,40.182374,-105.037589,WELD
0500547_I,OLIGARCHY DITCH DEMAND,0,Diversion and Well,05LONG_RFOs,,,
05_BRCBT,BOULDER RESERVOIR CB-T I,0,Diversion,05_BRCBT_Pln,,,
05_BRCBT_Pln,BRCBTAcctPlan       _PLN,0,Other,0504515,,,
0504515,BOULDER RESERVOIR,0,Reservoir,BCSC,40.078560,-105.220497,BOULDER
BCSC,BOULDER CR SUPPLY CANAL,0,Diversion,0600800_SV,,,
0600800_SV,BOULDER RES MUNICIPAL DE,0,Diversion,05LONG_RFOs,,,
05_LongCBT,LONGMONTCB-T DELIVERY,0,Diversion,LongCBT_Pln,,,
LongCBT_Pln,LongCBTAcctPlan     _PLN,0,Other,05LONG_OUT,,,
05LONG_OUT,LONGMONT OUTDOOR DEMAND,0,Diversion,LONG_OUT_Re,,,
LONG_OUT_Re,LongLIRFs           _PLN,0,Other,05LONG_IN,,,
05LONG_IN,LONGMONT INDOOR DEMAND,0,Diversion,LONG_IN_Re,,,
LONG_IN_Re,LongEffluent        _PLN,0,Other,05LONG_RFOs,,,
0500560_P,560ChangePlan       _PLN,0,Other,0500560,,,
0500558_P,558ChangePlan       _PLN,0,Other,0500558,,,
0500554_P,554ChangePlan       _PLN,0,Other,0500554,,,
0500552_P,552IrrPlan          _PLN,0,Other,0500552,,,
0500551_P,_PLN,0,Other,0500551,,,
0500534,GOSS PRIVATE DITCH 1,0,Diversion,0500536,40.195976,-105.216006,BOULDER
0500536,CLOUGH PRIVATE DITCH,0,Diversion,0500535,40.201445,-105.223078,BOULDER
0500535,CLOUGH/TRUE DITCH,0,Diversion,0500537,40.194169,-105.213646,BOULDER
0500537,WEBSTER MCCASLIN DITCH,0,Diversion,0500538,40.190512,-105.204186,WELD
0500538,TRUE WEBSTER DITCH,0,Diversion,0500539,40.194155,-105.208886,BOULDER
0500539,JAMES DITCH,0,Diversion,0500542,40.208325,-105.229777,BOULDER
0500542,DAVIS DOWNING DITCH,0,Diversion,0500550,40.183252,-105.199486,BOULDER
0500601_P,601ChangePlan       _PLN,0,Other,0500601,,,
0500547_P,547IrrPlan          _PLN,0,Other,0500547,,,
0504071,FOOTHILLS RESERVOIR,0,Reservoir,0500547,40.189018,-105.220267,BOULDER
0500545_P,545ChangePlan       _PLN,0,Other,0500545,,,
0500530_P,530ChangePlan       _PLN,0,Other,0500530,,,
0500529_P,529ChangePlan       _PLN,0,Other,0500529,,,
0500528_P,528ChangePlan       _PLN,0,Other,0500528,,,
0500527_P,527ChangePlan       _PLN,0,Other,0500527,,,
05_SVCBT,ST VRAIN CB-T INFLOW,0,Diversion,05_SVCBT_Pln,,,
05_SVCBT_Pln,SVCBTAcctPlan       _PLN,0,Other,0500523,,,
0504020,BEAVER PARK RES,0,StreamGage,0502115_Dwn,40.119279,-105.519236,BOULDER
06722500,SOUTH ST. VRAIN CREEK NE,0,StreamGage,0502115,40.090820,-105.514442,BOULDER
0502115,S ST VRAIN CR MIN FLOW,0,InstreamFlow,0500603,40.075299,-105.587455,BOULDER
0500603,LEFT HAND DITCH DIVERSIO,0,Diversion,0502115_Dwn,40.091382,-105.509173,BOULDER
0502115_Dwn,_OTH,0,Other,0502127,,,
MIDSTECO,MIDDLE SAINT VRAIN AT PE,0,StreamGage,0502120,40.131924,-105.517223,
0502120,MID ST VRAIN CR MIN FLOW,0,InstreamFlow,0502120_Dwn,40.132221,-105.503339,BOULDER
0502120_Dwn,_OTH,0,Other,0502127,,,
0502127,S ST VRAIN CR MIN FLOW 2,0,StreamGage,0500520,40.167394,-105.396777,BOULDER
0500520,SOUTH LEDGE DITCH,0,Diversion,0500519,40.211497,-105.278615,BOULDER
0500519,REESE STILES DITCH,0,Diversion,0500522,40.213292,-105.277859,BOULDER
0500522,LONGMONT SOUTH PIPELINE,0,Diversion,0502127_Dwn,40.213897,-105.277285,BOULDER
0502127_Dwn,_OTH,0,Other,0502129,,,
0502129,S ST VRAIN CR MIN FLOW 3,0,InstreamFlow,0502129_Dwn,40.213997,-105.276910,BOULDER
0502129_Dwn,_OTH,0,Other,05_ARP007,,,
0504010,BUTTON ROCK RES,0,StreamGage,LONG_RES_Re,40.216918,-105.372551,BOULDER
LONG_RES_Re,LongResReuse        _PLN,0,Other,0502128,,,
0502128,N ST VRAIN CR MIN FLOW 2,0,InstreamFlow,0500511,40.215358,-105.364551,BOULDER
0500511,LONGMONT NORTH PIPELINE,0,Diversion,0500512,40.229299,-105.345912,BOULDER
0500512,LYONS PIPELINE,0,Diversion,0500513,40.249746,-105.296822,BOULDER
0500513,DAVE MILLER DITCH,0,Diversion,0502128_Dwn,40.239480,-105.177726,BOULDER
0502128_Dwn,_OTH,0,Other,05_ARP007,,,
05_ARP007,Upper WD5 Agg Rsvr,0,Reservoir,06724000,,,
06724000,ST. VRAIN CREEK AT LYONS,0,StreamGage,0500523,40.218040,-105.259987,BOULDER
0500523,SUPPLY DITCH,0,Well,0500526,40.218798,-105.261698,BOULDER
0500526,HIGHLAND DITCH,0,Diversion,0500527,40.215398,-105.259311,BOULDER
0500527,ROUGH READY DITCH,0,Well,0500528,40.212466,-105.252836,BOULDER
0500528,ST VRAIN PALMERTON DITCH,0,Diversion,0500529,40.212422,-105.252707,BOULDER
0500529,SWEDE DITCH,0,Well,0500530,40.211623,-105.251258,BOULDER
0500530,SMEAD DITCH,0,Diversion,0500531,40.212901,-105.251435,BOULDER
0500531,MONTGOMERY PRIVATE DITCH,0,Diversion,0500532,40.211301,-105.253792,BOULDER
0500532,FOOTHILLS INLET,0,Diversion,05_SBRANCH,40.208688,-105.232526,BOULDER
05_SBRANCH,South Branch Diversion S,0,Diversion,0500545,,,
0500545,LONGMONT SUPPLY DITCH,0,Diversion,0500546,40.204237,-105.219494,BOULDER
0500546,CHAPMAN MCCASLIN DITCH,0,Diversion,0500547,40.190556,-105.218456,BOULDER
0500547,OLIGARCHY DITCH,0,Diversion,0500548,40.197335,-105.207376,BOULDER
0500548,DENIO TAYLOR DITCH,0,StreamGage,0500549,40.186840,-105.189938,BOULDER
0500549,RUNYAN DITCH,0,Diversion,0500601,40.181418,-105.197130,BOULDER
0500601,ZWECK TURNER DITCH,0,Well,0500550,40.186855,-105.194700,BOULDER
0500550,PECK DITCH,0,Diversion,0500551,40.179545,-105.171058,BOULDER
0500551,PELLA DITCH,0,Diversion,0500552,40.175945,-105.180558,BOULDER
0500552,CLOVER BASIN DITCH,0,Diversion,0500554,40.179545,-105.171058,BOULDER
0500554,NIWOT DITCH,0,Diversion,0500557,40.175582,-105.168474,BOULDER
0500557,NORTHWEST MUT INS CO D,0,Diversion,0500553,40.166953,-105.159098,BOULDER
0500553,HAGERS MEADOW DITCH,0,Diversion,0500558,40.166750,-105.102290,BOULDER
0500558,SOUTH FLAT DITCH,0,Diversion,0500602,40.174168,-105.162128,BOULDER
0500602,JAMES MASON DITCH,0,Diversion,0500561,40.166950,-105.159096,BOULDER
0500561,ISLAND DITCH,0,Diversion,0500559,40.166710,-105.121230,BOULDER
0500559,CUSHMAN DITCH,0,Diversion,0500560,40.166918,-105.140229,BOULDER
0500560,BECKWITH DITCH,0,Diversion,0500563,40.168664,-105.137841,BOULDER
0500563,BONUS DITCH,0,Diversion,05LONG_RFOs,40.152354,-105.083592,BOULDER
0504077,ALLENS LAKE,0,Reservoir,0500564_I,40.138781,-105.286430,BOULDER
0500564_I,Lake Ditch Irrigation,0,Diversion,0500648,,,
0500648,TOLL GATE DITCH,0,Well,0500571,40.152501,-105.272942,BOULDER
0504488,LEFT HAND VALLEY RESERVO,0,Reservoir,0500571,40.102798,-105.262813,BOULDER
05_LHCBT,LEFT HAND CB-T INFLOW,0,Diversion,05_LHCBT_Pln,,,
05_LHCBT_Pln,LHCBTAcctPlan       _PLN,0,Other,0500564,,,
05_GLRIN,GOLD LAKE INLET,0,Diversion,06724500,,,
0504015,GOLD LAKE,0,Reservoir,06724500,40.084243,-105.450915,BOULDER
06724500,LEFT HAND CREEK NEAR BOU,0,StreamGage,0500564,40.125542,-105.303879,BOULDER
0500564,LAKE DITCH,0,Diversion,0500565,40.126926,-105.303187,BOULDER
0500565,HALDI DITCH,0,Diversion,0500619_a,40.131631,-105.291928,BOULDER
0500619_a,SPURGEON TREATMENT PLANT,0,Diversion,0500568,,,
0500568,CROCKER DITCH,0,Diversion,0500569,40.128825,-105.278841,BOULDER
0500569,TABLE MOUNTAIN DITCH,0,Well,0500570,40.128006,-105.275000,BOULDER
0500570,BADER DITCH 1 & 2,0,Diversion,05_LHVRIN,40.108995,-105.235260,BOULDER
05_LHVRIN,LEFT HAND VALLEY RES INL,0,Diversion,0500571,,,
0500571,JOHNSON DITCH,0,Well,0500572,40.108941,-105.254150,BOULDER
0500572,STAR DITCH,0,Well,0500573,40.108995,-105.235260,BOULDER
0500573,HINMAN DITCH,0,Well,0500574,40.107173,-105.237629,BOULDER
0500574,HOLLAND DITCH,0,Diversion,05_LHBR,40.108995,-105.235260,BOULDER
05_LHBR,Boulder Res Left Hand In,0,Diversion,0500619_b,,,
0500619_b,DODD TREATMENT PLANT DEM,0,Diversion,0500575,,,
0500575,WILLIAMSON DITCH,0,Well,05LONG_RFOs,40.103418,-105.209244,BOULDER
05LONG_RFOs,Longmont_RFOs       _PLN,0,Other,05_ADP002,,,
05_ADP002,Aggregated Diversion Str,0,Diversion,05_ADP001,,,
05_ADP001,Left Hand Creek above Sa,0,Diversion and Well,0500589,,,
0600534,HOUCK 2 DITCH,0,Diversion,0600520_D,40.102524,-105.032112,WELD
0600520_D,CARR TYLER DITCH,0,Diversion,0600553,,,
0600553,SMITH EMMONS DITCH,0,Well,0600523,40.126912,-105.013895,WELD
0600523,DELEHANT DITCH,0,Diversion,0600532,40.126913,-105.007096,WELD
0600532,Highland Southside Ditch,0,Well,06IDA_CALIB,40.123299,-105.014173,WELD
06IDA_CALIB,_OTH,0,Other,0500589,,,
06_SWSP_IMP,CBT SWSP Location,0,Diversion,06_SWSP_PL,,,
06_SWSP_PL,Southern Water Suppl_PLN,0,Other,SWSP_C,,,
SWSP_C,CBT SWSP Carrier,0,Diversion,06_AMP001_I,,,
06LAFFYT_O,Lafayette Outdoor,0,Diversion,06LAFFYT_I,,,
06LAFFYT_I,Lafayette Indoor,0,Diversion,06LAF_CALIB,,,
06LAF_CALIB,_OTH,0,Other,06LAF_REUSE,,,
06LAF_REUSE,_PLN,0,Other,0600610,,,
06LOUIS_I,Louisville Indoor,0,Diversion,06LOUIS_O,,,
06LOUIS_O,Louisvills Outdoor,0,Diversion,06LOU_CALIB,,,
06LOU_CALIB,_OTH,0,Other,0600611,,,
06730300,COAL CREEK NEAR PLAINVIE,0,StreamGage,0600615,39.877766,-105.277214,JEFFERSON
0600615,LAST CHANCE DITCH,0,Diversion,0600606,39.877708,-105.273588,BOULDER
0600606,CHURCH DITCH(UPPER),0,Diversion,0600608_D,39.877540,-105.267937,BOULDER
0600608_D,EGGLESTON NO 1 DITCH,0,Diversion,0600621,,,
0600621,WILLIAM C HAKE DITCH,0,Diversion,0600612,39.944961,-105.182324,BOULDER
0600612,KERR DITCH NO 1,0,Diversion,0600613,39.970579,-105.125666,BOULDER
0600613,KERR DITCH NO 2,0,Well,0600611,39.970579,-105.125666,BOULDER
0600611,HARRIS DITCH,0,Diversion,0600622,39.980599,-105.101107,BOULDER
0600622,T N WILLIS DITCH,0,Diversion,0600610,39.979612,-105.093008,BOULDER
0600610,ERIE COAL CR DITCH,0,Diversion,06LOU_RFO,40.015629,-105.054235,WELD
SPDMSPSC,CBT,0,Diversion,0600538_I,,,
0600538_I,LOWERBOULDERDIVSYS,0,Diversion and Well,0600515_D,,,
060538_PL,LowBoul Chg LoBo    _PLN,0,Other,0600538_D,,,
060800_IMP,Boulder CBT Import Locat,0,Diversion,060800_PL,,,
060800_PL,Moffat Acct Pln     _PLN,0,Other,0600800,,,
0600800,Boulder Res Intake,0,Diversion,06BOULDER_O,39.982900,-105.483617,BOULDER
06BOULDER_O,Boulder Outdoor,0,Diversion,06BOULDER_I,,,
06BOULDER_I,Boulder Indoor,0,Diversion,06BOULD_RTN,,,
06BOULD_RTN,Boulder Return,0,Diversion,06BOU_CALIB,,,
06BOU_CALIB,_OTH,0,Other,06BOU_RFO,,,
06_VALMT,Valmont Reservoir Comple,0,Reservoir,06_VALMPP,,,
06_VALMPP,PSCO,0,Diversion,06VAL_CALIB,,,
06VAL_CALIB,_OTH,0,Other,0600528,,,
060575_PL,East Bould Chg Louis_PLN,0,Other,0600575,,,
060580_PL,Howard Chg          _PLN,0,Other,0600580,,,
060586_PL,Mcginn Chg Louis 1  _PLN,0,Other,0600586,,,
060585_PL,MARSHALLVILLE DITCH _PLN,0,Other,0600585,,,
060570_PL,DRY CREEK NO 2 CH PL_PLN,0,Other,0600570,,,
060588_PL,SouBouBC Chg Lafyt 1_PLN,0,Other,0600588,,,
060650_PL,Goodhue Chg         _PLN,0,Other,0600650,,,
060567_PL,Davidson Chg        _PLN,0,Other,0600567,,,
0604212,Marshall Lake,0,Reservoir,0604214,39.947937,-105.210712,BOULDER
0604214,McKay Lake,0,Reservoir,0604212_C,39.953534,-105.011707,WELD
0604212_C,Marshall Res to Louisvil,0,Diversion,0600564_I,,,
0600564_I,COMMUNITY DITCH DEMAND,0,Diversion and Well,0604212_CALI,,,
0604212_CALI,Marshall Res Calibra_OTH,0,Other,0600567,,,
060564_PL,SoBo Cl Ck Chg      _PLN,0,Other,0600564_D,,,
060597_CH,_PLN,0,Other,0600597,,,
06_MOF_IMP,Moffat Import Location,0,Diversion,06_MOF_ACC,,,
06_MOF_ACC,Moffat Acct Pln     _PLN,0,Other,06_ELDORA,,,
06_ELDORA,Eldora Ski Resort,0,StreamGage,0604199,,,
0604199,GROSS RES,0,StreamGage,0602110_U,39.947560,-105.362891,BOULDER
0602110_U,SOUTH BOULDER CREEK MSF,0,InstreamFlow,0600590,,,
0600590,South Boulder Conduit,0,Diversion,0602110_UD,39.932491,-105.308718,BOULDER
0602110_UD,SOUTH BOULDER CREEK _OTH,0,Other,0602110_L,,,
0602110_L,SOUTH BOULDER CREEK MSF,0,InstreamFlow,06729500,,,
06729500,SOUTH BOULDER CREEK NEAR,0,StreamGage,0600597,39.931099,-105.295822,BOULDER
0600597,Lafayette PL,0,Diversion,0600598,39.931550,-105.281983,BOULDER
0600598,Louisville PL,0,Diversion,0600564_D,39.931568,-105.281936,BOULDER
0600564_D,Community Ditch,0,Diversion,0600567,,,
0600567,DAVIDSON DITCH,0,Diversion,0600650,39.938611,-105.259785,BOULDER
0600650,GOODHUE DITCH,0,Well,0600588,39.951047,-105.242108,BOULDER
0600588,S BOULDER BEAR CR DITCH,0,Diversion,0600570,39.952804,-105.242020,BOULDER
0600570,DRY CREEK NO 2 DITCH,0,Diversion,0600585,39.955479,-105.238154,BOULDER
0600585,MARSHALVILLE DITCH,0,Diversion,0600592,39.959329,-105.232384,BOULDER
0600592,SCHEARER DITCH,0,Diversion,0600593,39.967295,-105.227060,BOULDER
0600593,S BOULDER CANON DITCH,0,Diversion,0600586,39.972438,-105.223247,BOULDER
0600586,MCGINN DITCH,0,Well,0602110_LD,39.980786,-105.221061,BOULDER
0602110_LD,SOUTH BOULDER CREEK _OTH,0,Other,0600902_C,,,
060902_PL,Plans for all ditche_PLN,0,Other,0600902_C,,,
0600902_C,NEW DRY CR CARRIER DITCH,0,StreamGage,0600580,,,
0600580,HOWARD DITCH,0,Well,0600575,39.988624,-105.221177,BOULDER
0600575,EAST BOULDER DITCH,0,Diversion,06_VALMT_C,39.996508,-105.215946,BOULDER
06_VALMT_C,Combined Valmont Res Inl,0,Diversion,0600582,,,
0600582,JONES DONNELLY DITCH,0,Diversion,0600528,40.017314,-105.212494,BOULDER
060542_PL,McCarty D Chg       _PLN,0,Other,0600542,,,
060543_PL,North Boulder Farmer_PLN,0,Other,0600543,,,
060516_PL,BWR Exchange Limits _PLN,0,Other,0600516,,,
060554_PL,SmithGoss Chg       _PLN,0,Other,0600554,,,
060525_PL,Farmers D Chg       _PLN,0,Other,0600525,,,
0600501_I,Anderson Irrigation,0,Diversion,0600501_C,,,
0600501_C,Anderson Carrier,0,Diversion,060501_CALIB,,,
060501_CALIB,_OTH,0,Other,0600525,,,
060501_PL,Anderson D Chg      _PLN,0,Other,0600501,,,
06727500,FOURMILE CREEK AT ORODEL,0,StreamGage,0600603,40.018667,-105.326250,BOULDER
0602107,MIDDLE BOULDER CR MIN FL,0,StreamGage,06725500,39.952819,-105.602421,BOULDER
06725500,MIDDLE BOULDER CREEK AT,0,StreamGage,0602107_DWN,39.961655,-105.504440,BOULDER
0602107_DWN,_OTH,0,Other,0604172,,,
0604172,Barker Reservoir,0,Reservoir,0600943,39.965105,-105.491784,BOULDER
0600943,BOULDER PL 3 AT BARKER R,0,Diversion,06_BARKMSF,39.965744,-105.482147,BOULDER
06_BARKMSF,BARKER 3CFS BYPASS,0,InstreamFlow,0602124_L,,,
060599_PL,Harden D Chg Bou 1  _PLN,0,Other,0602125_DWN,,,
06ISF_BCA_CH,MSF SEGMENT A ALT PO_PLN,0,Other,0602125,,,
06WSHED_CH,_PLN,0,Other,0602125,,,
06_WSHED,Watershed reservoir,0,StreamGage,0602125,,,
0602125,BOULDER CREEK MSF SEG A,0,InstreamFlow,0602125_DWN,40.013655,-105.558136,BOULDER
0602125_DWN,_OTH,0,Other,0600599,,,
0600599,BOULDER CITY PL,0,StreamGage,0602124_U,40.012882,-105.557389,BOULDER
0602124_U,BOULDER CREEK MSF SEG B,0,InstreamFlow,0602124_UD,,,
0602124_UD,BOULDER CREEK MSF SE_OTH,0,Other,0602124_L,,,
0602124_L,BOULDER CREEK MSF SEG B,0,InstreamFlow,06727000,,,
06727000,BOULDER CREEK NEAR ORODE,0,StreamGage,0602124_LD,40.006374,-105.330826,BOULDER
0602124_LD,BOULDER CREEK MSF SE_OTH,0,Other,0602100,,,
0602100,BOULDER CREEK MSF SEG C,0,InstreamFlow,0600603,40.004873,-105.332604,BOULDER
0600603,SILVER LAKE DITCH,0,Diversion,0600501,40.015243,-105.312980,BOULDER
0600501,Anderson Carrier,0,Diversion,0600525,40.012959,-105.301147,BOULDER
0600525,FARMERS DITCH,0,Diversion,0600554,40.013898,-105.300366,BOULDER
0600554,SMITH GOSS DITCH,0,Diversion,0600516,40.015323,-105.278487,BOULDER
0600516,Boulder White Rock Carri,0,Diversion,0600513,40.015043,-105.278705,BOULDER
0600513,BOULDER LEFT HAND DITCH,0,Well,0600543,40.015043,-105.278705,BOULDER
0600543,N BOULD FARMER DITCH,0,Diversion,0600542,40.015043,-105.278705,BOULDER
0600542,MC CARTY DITCH,0,Diversion,0600518,40.016239,-105.279677,BOULDER
06_BC_N,BEAR CREEK NATURAL FLOW,0,StreamGage,0600753,,,
0600753,ANDERSON EXTENSION DITCH,0,Diversion,06BC_CALIB,39.985717,-105.250476,BOULDER
06BC_CALIB,_OTH,0,Other,0600518,,,
0600518,BUTTE MILL DITCH,0,Diversion,0600528,40.028272,-105.222961,BOULDER
0600528,GREEN DITCH,0,Well,06_BOU_RF,40.036398,-105.203811,BOULDER
06_CBT_IMP,CBT Import Location,0,Diversion,06_CBT_ACC,,,
06_CBT_ACC,CBT Acct Plan       _PLN,0,Other,06_BWRCBT,,,
06_BWRCBT,CBT BWR Turnout,0,Diversion,06_BOU_RF,,,
06_BOU_RF,Constant Winter RF,0,Diversion,06_ARP009,,,
06_ARP009,WD 6 Upper Agg Res,0,Reservoir,06730200,,,
06730200,BOULDER CREEK AT NORTH 7,0,StreamGage,0602100_DWN,40.051652,-105.178875,BOULDER
0602100_DWN,BOULDER CREEK MSF SE_OTH,0,Other,0600878,,,
0600878,Lafayette Boulder Creek,0,Diversion,06BOU_RFO,40.054613,-105.149600,BOULDER
06BOU_RFO,Boulder RFO         _PLN,0,Other,0600537,,,
0600537,Leggett Carrier,0,Diversion,0600538_D,40.053022,-105.150691,BOULDER
0600565_C,Leyner Cottonwood Carrie,0,Diversion,0600565_I,,,
0600565_I,LEYNER COTTONWOOD DITCH,0,Diversion and Well,060565_CALIB,,,
060565_CALIB,_OTH,0,Other,06DRY_CALIB,,,
0604173,Baseline Reservoir,0,Reservoir,064173_CH,39.999305,-105.203841,BOULDER
064173_CH,Base Rels Limit     _PLN,0,Other,0604173_C,,,
0604173_C,Baseline Res to Lafayett,0,Diversion,0600576,,,
0600576,ENTERPRISE DITCH,0,Diversion,0600566,39.986120,-105.220551,BOULDER
0600566,COTTONWOOD DITCH 2,0,Well,0600560,39.999043,-105.214442,BOULDER
0600560,ANDREWS FARWELL DITCH,0,Diversion,0600569_D,39.978782,-105.212920,BOULDER
0600569_D,DRYCREEKDAVIDSONDIVSYS,0,Diversion and Well,0600565,,,
0600565,Leyner Cottonwood Carrie,0,Diversion,06DRY_CALIB,40.021700,-105.166419,BOULDER
06DRY_CALIB,_OTH,0,Other,0600538_D,,,
0600538_D,Lower Boulder Ditch,0,Diversion,0600515_D,,,
0600515_D,BOULDERWELDCTYDIVSYS,0,Diversion and Well,0600536,,,
0600536,HOWELL DITCH,0,Diversion,06LOU_RFO,39.988274,-105.220453,BOULDER
06LOU_RFO,Louisville RFO      _PLN,0,Other,06LAF_RFO,,,
06LAF_RFO,Lafayette RFO       _PLN,0,Other,06_AWP001,,,
0604187,Six Mile Reservoir,0,Reservoir,0604185,40.067384,-105.222807,BOULDER
0604185,Panama Reservoir,0,Reservoir,0600516_I,40.094957,-105.084466,BOULDER
0600516_I,Boulder White Rock Irrig,0,Diversion,0600537_I,,,
0600537_I,LEGGETT DITCH DEMAND,0,Diversion and Well,06PAN_CALIB,,,
06PAN_CALIB,_OTH,0,Other,06_AWP001,,,
06_AWP001,Dist 6 Lower Aggregate W,0,Well,06_AMP001_I,,,
06_AMP001_I,WD 6 Agg Muni Indoor,0,Diversion,06_AMP001_O,,,
06_AMP001_O,WD 6 Agg Muni Outdoor,0,Diversion,06_AUP001_I,,,
06_AUP001_I,WD 6 Unincorp Indoor,0,Diversion,06_AUP001_O,,,
06_AUP001_O,WD 6 Unincorp Outdoor,0,Diversion,0600527,,,
0600527,GODDING DAILEY PLUMB D,0,StreamGage,0600663,40.093335,-105.054350,WELD
0600663,Idaho Creek,0,Diversion,0600551,40.144320,-105.001109,WELD
0600551,RURAL DITCH,0,Diversion,06_ASP006,40.124969,-105.022652,WELD
06_ASP006,WD 6 Lower StockPonds,0,Reservoir,06_ARP010,,,
06_ARP010,WD 6 Lower Agg Res,0,Reservoir,AggWell_06,,,
AggWell_06,WD6 Agg Aug Plan    _PLN,0,Other,GwOnly_06,,,
GwOnly_06,WD6 GW Only Aug     _PLN,0,Other,06730500,,,
06730500,BOULDER CREEK AT MOUTH N,0,StreamGage,0500589,40.152047,-105.015181,WELD
0500589,LAST CHANCE DITCH,0,Well,0500939,40.170127,-104.991309,WELD
0500939,Goosequill Pump Station,0,Diversion,05_ARP008,40.246695,-104.884223,WELD
05_ARP008,Lower WD5 Agg Rsvr,0,Reservoir,05_ASP005,,,
05_ASP005,WD5 Agg Stock Pond,0,Reservoir,05_AWP001,,,
05_AWP001,,0,Well,05_AWP004,,,
05_AWP004,,0,Well,AggWell_05,,,
AggWell_05,WD5 Agg Aug Plan    _PLN,0,Other,GwOnly_05,,,
GwOnly_05,WD5 GW Only Aug     _PLN,0,Other,06731000,,,
06731000,ST. VRAIN CREEK AT MOUTH,0,StreamGage,0200828,40.258038,-104.879700,WELD
02_VRNPP,Ft St Vrain Power Plant,0,Diversion,PSCoSPRFs2,,,
0200825_I,HEWES COOK DEMAND,0,Diversion and Well,PSCoMISPRFs,,,
0200825_R,Hewes Cook Recharge,0,Reservoir,0200825_PlR,,,
0200825_PlR,Hewes Cook Pond Accr_PLN,0,Other,0200825_PlC,,,
0200825_PlC,Hewes Cook Canal Acc_PLN,0,Other,0200825,,,
HewesSplPln,Hewes Cook Split Pla_PLN,0,Other,HewesIrrPln,,,
HewesIrrPln,Hewes Cook Irrig Pln_PLN,0,Other,PSCoHewsPln,,,
PSCoHewsPln,Hewes Cook PSCo Pln _PLN,0,Other,0200825,,,
0200837_RC,HiCen WR RA,0,Reservoir,0200830_RC,,,
0200830_RC,SN3 WR RA,0,Reservoir,0200824_RC,,,
0200824_RC,FIDCOCen WR RA,0,Reservoir,0200813_RC,,,
0200813_RC,PVCen WR RA,0,Reservoir,0200812_RC,,,
0200812_RC,LBCen WR RA,0,Reservoir,0200810_RC,,,
0200810_RC,BriCen WR RA,0,Reservoir,0200808_RC,,,
0200808_RC,FulCen WR RA,0,Reservoir,9903394_PlR,,,
9903394_PlR,CCWCD HCU Accretions_PLN,0,Other,9903334_F,,,
0200824_I,FARMERS INDEPENDENT DEMA,0,Diversion and Well,9903334_F,,,
0200824_R,Farmers Independent Rech,0,Reservoir,0200824_PlR,,,
0200824_PlR,Farmers Pond Accreti_PLN,0,Other,0200824_PlC,,,
0200824_PlC,Farmers Canal Accret_PLN,0,Other,0200824,,,
FarmSplPln,Farmers Ind Split Pl_PLN,0,Other,FarmIrrPln,,,
FarmIrrPln,Farmers Ind Irrig Pl_PLN,0,Other,CenFarmPln,,,
CenFarmPln,Central Farmers Ind _PLN,0,Other,0200824,,,
M2SenSplPln,MI2 Senior Split Pla_PLN,0,Other,PSCoMI2Pln1,,,
PSCoMI2Pln1,PSCo Mdw Isl 2 Senio_PLN,0,Other,M2JunSplPln,,,
M2JunSplPln,MI2 Junior Split Pla_PLN,0,Other,MI2IrrPln,,,
MI2IrrPln,Mdw Isl 2 Irrig Plan_PLN,0,Other,PSCoMI2Pln2,,,
PSCoMI2Pln2,PSCo Mdw Isl 2 Junio_PLN,0,Other,0200822,,,
MI1SplPln,MeadowIsland1SplitPl_PLN,0,Other,MI1IrrPln,,,
MI1IrrPln,MeadowIsland1IrrigPl_PLN,0,Other,SAC_MI1Pln,,,
SAC_MI1Pln,SACWSD Mdw Isl 1 Pla_PLN,0,Other,0200821,,,
SandHill_C,SandHillPlanDiv,0,Diversion,SandHillPln,,,
SandHillPln,Sand Hill Plan      _PLN,0,Other,CenPVRFs,,,
0200813_I,PLATTEVILLE DEMAND,0,Diversion and Well,02_AWP004,,,
PVSplPln,PV Split Plan       _PLN,0,Other,PV_IrrPln,,,
PV_IrrPln,Platteville Irrig Pl_PLN,0,Other,CenPVPln,,,
CenPVPln,Central PV Plan     _PLN,0,Other,0200813,,,
Nglenn_WWTP,Northglenn WWTP,0,Diversion,NglennReuse,,,
NglennReuse,Northglenn Reuse Pla_PLN,0,Other,0203351,,,
0203351,Bull Reservoir,0,Reservoir,0200873,40.013053,-104.949626,WELD
Westy_WWTP,Westy WWTP,0,Diversion,WestyReuse,,,
WestyReuse,Westminster Reuse Pl_PLN,0,Other,WestyFHLRFs,,,
WestyFHLRFs,Westy FHL Rtn Flows _PLN,0,Other,WestyChRFs,,,
WestyChRFs,WestyChurchRFs      _PLN,0,Other,WestBDCRFs,,,
WestBDCRFs,Westy BDC Rtn Flows _PLN,0,Other,0200872,,,
02_Thorn_I,ThorntonIndoorDem,0,Diversion,02_Thorn_O,,,
02_Thorn_O,ThorntonOutdoorDem,0,Diversion,06720820,,,
02_Westy_I,WestyIndoorDem,0,Diversion,02_Westy_O,,,
02_Westy_O,WestyOutdoorDem,0,Diversion,06720820,,,
02_Nglenn_I,NorthglennIndoorDem,0,Diversion,02_Nglenn_O,,,
02_Nglenn_O,NorthglennOutdoorDem,0,Diversion,06720820,,,
PhanNglPln1,Nglenn4WayInWestyAcc_PLN,0,Other,PhanFRIPln1,,,
PhanFRIPln1,FRICO4WayInWestyAcct_PLN,0,Other,PhanNglPln2,,,
PhanNglPln2,Nglenn4WayInThornton_PLN,0,Other,PhanFRIPln2,,,
PhanFRIPln2,Nglenn4WayInThornton_PLN,0,Other,PhanWesPln,,,
PhanWesPln,Westy4WayInThorntonA_PLN,0,Other,StanNglPln1,,,
StanNglPln1,NglennWaterInWestyAc_PLN,0,Other,StanFRIPln1,,,
StanFRIPln1,FRICOWaterInWestyAcc_PLN,0,Other,StanNglPln2,,,
StanNglPln2,NglennWaterInThornto_PLN,0,Other,StanFRIPln2,,,
StanFRIPln2,FRICOWaterInThornAcc_PLN,0,Other,StanWesPln,,,
StanWesPln,WestyWaterInThornAcc_PLN,0,Other,0203903,,,
0203903,Standley Lake,0,Reservoir,PhantomStand,39.863371,-105.121595,JEFFERSON
PhantomStand,Phantom Standley Lake,0,Reservoir,0200992,,,
0200992,Westminster Standley PL2,0,Diversion,StanReuseW,39.863803,-105.119364,JEFFERSON
StanReuseW,WestyStandleyReuse  _PLN,0,Other,0200993,,,
0200993,Northglenn Standley PL,0,Diversion,StanReuseN,39.863803,-105.119364,JEFFERSON
StanReuseN,NorthglennStandleyRe_PLN,0,Other,0200994,,,
0200994,Thornton Standley PL,0,Diversion,StanReuseT,39.863803,-105.119364,JEFFERSON
StanReuseT,ThorntonStandleyReus_PLN,0,Other,06720820,,,
06720820,BIG DRY CREEK AT WESTMIN,0,StreamGage,0200871,39.905681,-105.035389,ADAMS
0200871,Whipple D (Bull Canal),0,Well,0200872,39.931487,-105.003909,ADAMS
0200872,GERMAN DITCH,0,Diversion,0200873,39.946081,-104.978578,ADAMS
0200873,BIG DRY CREEK DITCH,0,Diversion,0200874,39.999276,-104.932908,ADAMS
0200874,YOXALL DITCH,0,Diversion,ThBDC_RFs,40.015280,-104.910512,WELD
ThBDC_RFs,Thornton Big Dry Ck _PLN,0,Other,NglnBDCRFs,,,
NglnBDCRFs,Nglenn Big Dry Ck RF_PLN,0,Other,SAC_BriRFs,,,
SAC_BriRFs,SACWSD Brighton D RF_PLN,0,Other,06720990,,,
06720990,BIG DRY CREEK AT MOUTH N,0,Other,CenBriRFs,40.069149,-104.831642,WELD
0200812_I,LUPTON BOTTOM DEMAND,0,Diversion and Well,CenFulRFs,,,
LM_SplPln,Lupton Meadows Split_PLN,0,Other,PSCoLMPln,,,
PSCoLMPln,PSCo Lupt Mdws Plan _PLN,0,Other,SAC_LMPln,,,
SAC_LMPln,SACWSD Lupt Mdws Pla_PLN,0,Other,CenLMPln,,,
CenLMPln,Central Lupt Mdws Pl_PLN,0,Other,LB_SplPln,,,
LB_SplPln,Lupton Bottom Split _PLN,0,Other,LB_IrrPln,,,
LB_IrrPln,Lupton Btm Irrigat P_PLN,0,Other,NglennLBPln,,,
NglennLBPln,Northglenn Lupt Btm _PLN,0,Other,PSCoLBPln,,,
PSCoLBPln,PSCo Lupt Btm Plan  _PLN,0,Other,SAC_LBPln,,,
SAC_LBPln,SACWSD Lupt Btm Plan_PLN,0,Other,CenLBPln,,,
CenLBPln,Central Lupt Btm Pla_PLN,0,Other,0200812,,,
02_Bright_I,Brighton Indoor,0,Well,02_Bright_O,,,
02_Bright_O,Brighton Outdoor,0,Well,Bri_WWTP,,,
Bri_WWTP,Brighton WWTP,0,Diversion,BriReuse,,,
BriReuse,Brighton Reuse Plan _PLN,0,Other,0200812,,,
0200810_I,BRIGHTON DEMAND,0,Diversion and Well,0200812,,,
BriSplPln,Brighton Ditch Split_PLN,0,Other,BriIrrPln,,,
BriIrrPln,Brighton D Irrig Pla_PLN,0,Other,SAC_BriPln,,,
SAC_BriPln,SACWSD Brighton D Pl_PLN,0,Other,CenBriPln,,,
CenBriPln,Central Brighton D P_PLN,0,Other,0200810,,,
0200821_RS,MI1SAC WR RA,0,Reservoir,0200812_RS,,,
0200812_RS,LBSAC WR RA,0,Reservoir,0200810_RS,,,
0200810_RS,BriSAC WR RA,0,Reservoir,0200808_RS,,,
0200808_RS,FulSAC WR RA,0,Reservoir,9902502_PlR,,,
9902502_PlR,SACWSD HCU Accretion_PLN,0,Other,9902502,,,
0200808_I,FULTON DEMAND,0,Diversion and Well,ThornSPRFs2,,,
FulSplPln,Fulton Split Plan   _PLN,0,Other,FulIrrPln,,,
FulIrrPln,Fulton Irrig Plan   _PLN,0,Other,SAC_FulPln,,,
SAC_FulPln,SACWSD Fulton Plan  _PLN,0,Other,BriFulPln,,,
BriFulPln,Bright Muni Fult Pla_PLN,0,Other,NglnFulPln,,,
NglnFulPln,Northglenn Fulton Pl_PLN,0,Other,CenFulPln,,,
CenFulPln,Central Fulton Plan _PLN,0,Other,0200808,,,
02_SACWSD_I,SACWSD Indoor,0,Well,02_SACWSD_O,,,
02_SACWSD_O,SACWSD Outdoor,0,Well,SAC_WWTP,,,
SAC_WWTP,SACWSD WWTP,0,Diversion,SAC_Reuse,,,
SAC_Reuse,SACWSD Reuse Plan   _PLN,0,Other,PSCoSPRFs,,,
0202003_R,Ford Recharge,0,Reservoir,0202003_PlR,,,
0202003_PlR,Ford Recharge Accret_PLN,0,Other,PSCoSPRFs,,,
0203700,East Gravel Lakes,0,Reservoir,EGLks_Pln,39.834448,-104.949770,ADAMS
EGLks_Pln,East Gravel Lakes Pl_PLN,0,Other,PSCoSPRFs,,,
0203379,Aurora Reservoir,0,Reservoir,AurResPln,39.616600,-104.670014,ARAPAHOE
AurResPln,Aurora Reservoir Reu_PLN,0,Other,08_Aurora_I,,,
08_Aurora_I,AuroraIndoorDem,0,Diversion,08_Aurora_O,,,
08_Aurora_O,AuroraOutdoorDem,0,Diversion,AurTotEffl,,,
AurTotEffl,Aurora Total Effluen_PLN,0,Other,SandCk_WWTP,,,
SandCk_WWTP,Aurora WWTP,0,Diversion,AurSC_Reuse,,,
AurSC_Reuse,Aurora Sand Ck Reuse_PLN,0,Other,AurLastChRF,,,
0704354,Copeland Reservoir,0,Reservoir,02_ChrkPP,39.808139,-104.979284,ADAMS
02_ChrkPP,Cherokee Power Plant,0,Diversion,06714215,,,
0203837_C,O'Brian Canal,0,Diversion,0200806,,,
0200805,Denver Hudson Canal,0,Diversion,0200806,39.791895,-104.967656,ADAMS
0200915,Little Burlington Ditch,0,Well,0200806,39.884215,-104.858076,ADAMS
2003,FordRechargeDivn,0,Diversion,0200806,,,
3700,EastGravelLakesDivn,0,Diversion,0200806,,,
Bur10Split,Burlington10.28 Spli_PLN,0,Other,SABur10Pln,,,
SABur10Pln,SACWSD Burlington10._PLN,0,Other,ThBur10Pln,,,
ThBur10Pln,ThorntonBurlington10_PLN,0,Other,LBBur10Pln,,,
LBBur10Pln,LittBurlBurlington10_PLN,0,Other,SanstSplit,,,
SanstSplit,Sanstad6Divn        _PLN,0,Other,SASanstPln,,,
SASanstPln,SACWSD Sanstad 6    _PLN,0,Other,ThSanstPln,,,
ThSanstPln,ThorntonSanstad6    _PLN,0,Other,LBSanstPln,,,
LBSanstPln,LittleBurlSanstad6  _PLN,0,Other,Well7Split,,,
Well7Split,Wellington7Divn     _PLN,0,Other,SAWell7Pln,,,
SAWell7Pln,SACWSD Wellington 7 _PLN,0,Other,ThWell7Pln,,,
ThWell7Pln,ThorntonWellington7 _PLN,0,Other,LBWell7Pln,,,
LBWell7Pln,LittleBurlWellington_PLN,0,Other,200_85Split,,,
200_85Split,Barr 1885 divn      _PLN,0,Other,SA200_85Pln,,,
SA200_85Pln,SACWSD 200_1885 Divn_PLN,0,Other,Th200_85Pln,,,
Th200_85Pln,Thornton200_1885Divn_PLN,0,Other,LB200_85Pln,,,
LB200_85Pln,LittleBurl200_1885Di_PLN,0,Other,FB200_85Pln,,,
FB200_85Pln,FricoBarr200_1885Div_PLN,0,Other,HID20085Pln,,,
HID20085Pln,Henrylyn200_1885Divn_PLN,0,Other,150_85Split,,,
150_85Split,Burlington1885Divn  _PLN,0,Other,FB150_85Pln,,,
FB150_85Pln,FricoBarr150_1885Div_PLN,0,Other,HID15085Pln,,,
HID15085Pln,Henrylyn150_1885Divn_PLN,0,Other,0200802,,,
FandGSplPln,Farm&Gardnr Split Pl_PLN,0,Other,FandGIndPln,,,
FandGIndPln,Farm&Gardnr Ind Plan_PLN,0,Other,FandGIrrPln,,,
FandGIrrPln,Farm&Gardnr Irrig Pl_PLN,0,Other,0200800,,,
0803832,McLellan Reservoir,0,Reservoir,08_Englwd_I,39.569700,-105.017464,ARAPAHOE
08_Englwd_I,EnglewoodIndoorDem,0,Diversion,08_Englwd_O,,,
08_Englwd_O,EnglewoodOutdoorDem,0,Diversion,0802300,,,
0802300,Bi-City WWTP,0,Diversion,0802300DW,39.668275,-104.999988,DENVER
0802300DW,DWB BiCity Reuse Pla_PLN,0,Other,0801014,,,
EngIntPln,Englewood Intake Pla_PLN,0,Other,0801013,,,
0804097,South Platte Reservoir,0,Reservoir,SPLk_Pump,39.571492,-105.050064,ARAPAHOE
SPLk_Pump,South Platte Lake Pump,0,Diversion,SPLk_Pln,,,
SPLk_Pln,South Platte Lake Pl_PLN,0,Other,0801013,,,
0801124,HAYLAND DITCH,0,StreamGage,0801125,39.551479,-105.126170,JEFFERSON
0801125,Fairview Ditch,0,Well,0801127,39.553527,-105.119232,JEFFERSON
0801127,OLD TIME DITCH,0,Diversion,0801128,39.553615,-105.112289,JEFFERSON
0801128,GARDEN DITCH,0,Diversion,0803514,39.551703,-105.109971,JEFFERSON
0801235,RED ROCK DITCH,0,StreamGage,0801241,39.275775,-105.015036,DOUGLAS
0801241,Dakan Ditch,0,Well,0801240,39.293987,-105.008196,DOUGLAS
0801240,Ratcliff Ditch,0,Well,0801237,39.297619,-104.999125,DOUGLAS
0801237,Spring Creek Ditch,0,Well,06709530,39.303084,-104.994437,DOUGLAS
06709530,PLUM CREEK AT TITAN ROAD,0,StreamGage,08_AUP001_I,39.507369,-105.024467,DOUGLAS
08_AUP001_I,Plum Ck Agg Uninc In,0,Well,08_AUP001_O,,,
08_AUP001_O,Plum Ck Agg Uninc Out,0,Well,08_AMP001_I,,,
08_AMP001_I,Plum Ck Agg Muni In,0,Well,08_AMP001_O,,,
08_AMP001_O,Plum Ck Agg Muni Out,0,Well,08_ADP004,,,
08_ADP004,Plum Creek above South P,0,Diversion and Well,08_AWP004,,,
08_AWP004,WD8 Plum Ck Agg GW Divn,0,Well,PCWA_WWTP,,,
PCWA_WWTP,Plum Ck Wtr Auth WWTP,0,Diversion,PCWA_Reuse,,,
PCWA_Reuse,Plum Ck Wtr Auth Reu_PLN,0,Other,0803514,,,
LastDSplPln,Last Chance D Split _PLN,0,Other,DenLastDPln,,,
DenLastDPln,Denver Last Ch D Pla_PLN,0,Other,EngLastDPln,,,
EngLastDPln,Englwd Last Ch D Pla_PLN,0,Other,0801007,,,
Cond20Pln,Cond20ChangedRightsP_PLN,0,Other,Cnd20DirPln,,,
Cnd20DirPln,Cond20DirectFlowPln _PLN,0,Other,0801002_D,,,
AurIntPln1,Aurora W2083 Plan   _PLN,0,Other,AurIntPln2,,,
AurIntPln2,Aurora 91CW117 Plan _PLN,0,Other,AurIntPln3,,,
AurIntPln3,Strontia Spr 1964 Di_PLN,0,Other,0801001,,,
8000653,Roberts Tunnel,0,Diversion,RobTunPln,39.461257,-105.676194,PARK
RobTunPln,Roberts Tunnel Plan _PLN,0,Other,RobTun_C,,,
RobTun_C,Roberts Tun Type 13 _PLN,0,Other,8000653_C,,,
8000653_C,Roberts Tunnel Divn,0,Diversion,8000653_A,,,
8000653_A,RobTun Aug Stn,0,Diversion,PLAGRACO,,,
8000706,BEAVER CREEK DITCH,0,StreamGage,8000650,39.456033,-105.821410,PARK
8000650,WANITA DITCH,0,Diversion,8000651,39.460013,-105.731191,PARK
8000651,HALL VALLEY DITCH,0,Diversion,8000713,39.459904,-105.726395,PARK
8000713,KENOSHA DITCH,0,Diversion,PLAGRACO,39.456352,-105.721496,PARK
PLAGRACO,NORTH FORK SOUTH PLATTE,0,StreamGage,8000732_D,39.457763,-105.660011,
8000732_D,Camp Santa Maria,0,Diversion,8000657_D,,,
8000657_D,Hepburn Ranch,0,Diversion,8000662_D,,,
8000662_D,Fitzsimmons Ranch,0,Diversion,8000760,,,
8000760,WINKLER DITCH 1,0,Diversion,8000761,39.405647,-105.554318,PARK
8000761,WINKLER DITCH 3,0,Diversion,8000759,39.405647,-105.554318,PARK
8000759,MCARTHUR DITCH,0,Diversion,8000667,39.403927,-105.537801,PARK
8000667,SOUTH SIDE DITCH,0,Diversion,PLABAICO,39.413164,-105.473397,PARK
PLABAICO,NORTH FORK SOUTH PLATTE,0,StreamGage,8000774_D,39.388318,-105.475282,
8000774_D,Berger Ranch,0,Diversion,80_ADP001,,,
8002110,DEER CR MIN FLOW,0,StreamGage,8000784,39.550092,-105.631175,PARK
8000784,JEFFRIES CRAWFORD DITCH,0,Diversion,8000785,39.493746,-105.515852,PARK
8000785,WONDER DITCH,0,Diversion,8000812,39.488319,-105.511375,PARK
8000812,CLIFFORD GULCH DITCH,0,Diversion,8000792,39.486469,-105.508981,PARK
8000792,PARMALEE DITCH 2 & 3,0,Diversion,8000794,39.472972,-105.466889,PARK
8000794,FLUME DITCH,0,Diversion,8000799_D,39.460527,-105.464965,PARK
8000799_D,Deer Creek Ranch,0,Diversion,80_ADP001,,,
80_ADP001,WD80 NF SPR Agg SW Divn,0,Diversion,06706400,,,
06706400,N.F. SOUTH PLATTE RIVER,0,Other,8000673_D,39.407489,-105.319162,
8000673_D,Herford Ranch,0,Diversion,06707500,,,
8002111,ELK CR MIN FLOW,0,StreamGage,8000829_D,39.546387,-105.559449,PARK
8000829_D,Magnus Ranch,0,Diversion,8000831_D,,,
8000831_D,State Parks Ranch,0,Diversion,8002111_Dwn,,,
8002111_Dwn,Elk Ck ISF          _OTH,0,Other,06707500,,,
2302909_Pln,2302909 Plan        _PLN,0,Other,2302909,,,
2302917_Pln,2302917_Pln         _PLN,0,Other,2302917,,,
2302910_Pln,Ohler Gage Plan     _PLN,0,Other,2302910,,,
2302910,OHLER GULCH NEAR JEFFERS,0,StreamGage,2302910_A,39.390078,-105.829215,PARK
2302910_A,Ohler Aug Stn,0,Diversion,2302917,,,
2302908_Pln,JeffCkNrJeffrsnAdmin_PLN,0,Other,2302908,,,
2302116,JEFFERSON CK MIN FLOW,0,StreamGage,2303981,39.476024,-105.884522,PARK
2303981,Jefferson Lake Reservoir,0,Reservoir,JeffLkDRF,39.450579,-105.862942,PARK
JeffLkDRF,Jefferson Lk Winter _PLN,0,Other,2302908,,,
2302908,JEFFERSON CREEK NEAR JEF,0,Diversion,2302908_A,39.390084,-105.810430,PARK
2302908_A,2302908 Aug Stn,0,Diversion,2302917,,,
2302917,JEFFERSON CREEK BELOW SY,0,Diversion,2302917_A,39.339175,-105.773104,PARK
2302917_A,2302917 Aug Stn,0,Diversion,2302116_Dwn,,,
2302116_Dwn,Jefferson Ck ISF    _OTH,0,Other,2302118_Dwn,,,
2302907_Pln,MichCkAbvJeffsnAdmin_PLN,0,Other,2302907,,,
2302914_Pln,French Ck Gage Plan _PLN,0,Other,2302914,,,
2302914,FRENCH CREEK ABOVE CONFL,0,StreamGage,2302914_A,,,PARK
2302914_A,2302914 Aug Stn,0,Diversion,2302907,,,
2302916_Pln,Schattinger Gage Pla_PLN,0,Other,2302916,,,
2302916,SCHATTINGER FLUME ABOVE,0,StreamGage,2302916_A,39.372037,-105.866593,PARK
2302916_A,2302916 Aug Stn,0,Diversion,2302907,,,
2302118,MICHIGAN CREEK MIN FLOW,0,StreamGage,2302907,39.450555,-105.935837,PARK
2302907,MICHIGAN CREEK ABOVE JEF,0,Diversion,2302907_A,39.353559,-105.838525,PARK
2302907_A,2302907 Aug Stn,0,Diversion,2300991,,,
2300991,TAYLOR DITCH,0,Diversion,2300993,39.345517,-105.795352,PARK
2300993,GIBSON DITCH,0,Diversion,2300994,39.345517,-105.795352,PARK
2300994,CROSIER TAYLOR DITCH,0,Diversion,2302118_Dwn,39.340050,-105.783658,PARK
2302118_Dwn,Michigan Ck ISF     _OTH,0,Other,2302107,,,
2302906_Pln,2302906 Plan        _PLN,0,Other,2302906,,,
2304611,Boreas Pass Ditch,0,Diversion,BoreasPln,,,PARK
BoreasPln,Boreas Pass D Plan  _PLN,0,Other,Boreas_C,,,
Boreas_C,Boreas Type 13 Pln  _PLN,0,Other,2304611_C,,,
2304611_C,Boreas Pass Divn,0,Diversion,2302119,,,
2302119,TARRYALL CREEK MIN FLOW,0,StreamGage,2302906,39.342220,-106.008344,PARK
2302906,TARRYALL CREEK AT US 285,0,Diversion,2302906_A,39.331658,-105.866909,PARK
2302906_A,2302906 Aug Stn,0,Diversion,2300902,,,
2302918_Pln,2302918 Plan        _PLN,0,Other,2302918,,,
2302918,DIXON FLUME ON HOLLTHUSE,0,StreamGage,2302918_A,39.342512,-105.904141,PARK
2302918_A,2302918 Aug Stn,0,Diversion,2300902,,,
2300902,PETRIE DITCH,0,StreamGage,2300904,39.310748,-105.816381,PARK
2300904,LINK DITCH,0,Diversion,2302119_Dwn,39.305987,-105.811465,PARK
2302119_Dwn,Upper Tarryall ISF  _OTH,0,Other,2302107,,,
2302107,TARRYALL CREEK UPPER MIN,0,InstreamFlow,2302909,39.295247,-105.728240,PARK
2302915_Pln,2301915 Plan        _PLN,0,Other,2302915,,,
2302915,ROCK CREEK ABOVE CONFLUE,0,StreamGage,2302915_A,39.291347,-105.699473,PARK
2302915_A,2302915 Aug Stn,0,Diversion,2302909,,,
2302909,TARRYALL CREEK AT BORDEN,0,Diversion,2302909_A,39.287207,-105.680382,PARK
2302909_A,2302909 Aug Stn,0,Diversion,2300922,,,
2300922,HOLST DITCH 2,0,Diversion,TaryTempPln,39.241038,-105.651462,PARK
TaryTempPln,Store Tarryall CU be_PLN,0,Other,2300923,,,
2300923,HOLST PACKER D,0,Diversion,2300924,39.239454,-105.644592,PARK
2300924,HOLST DITCH 1,0,Diversion,2300926,39.241372,-105.639963,PARK
2300926,PACKER BONIS DITCH,0,Diversion,2302107_Dwn,39.237674,-105.624015,PARK
2302107_Dwn,Lower Tarryall ISF  _OTH,0,Other,23_ADP002,,,
23_ADP002,WD23 Taryall Agg SW Divn,0,StreamGage,TARTARCO,,,
TARTARCO,TARRYALL CREEK BELOW TAR,0,Other,23_AUP002_I,39.223318,-105.607235,
2302903_Pln,2302903 Plan        _PLN,0,Other,2302903,,,
2302902_Pln,2302902 Plan        _PLN,0,Other,2302902,,,
2302911_Pln,2302911 Plan        _PLN,0,Other,2302911,,,
2302911,TROUT CREEK NEAR GARO,0,StreamGage,2302911_A,39.123331,-105.890355,PARK
2302911_A,2302911 Aug Stn,0,Diversion,2302902,,,
2302913_Pln,2302913 Plan        _PLN,0,Other,2302913,,,
2302912_Pln,2302912 Plan        _PLN,0,Other,2302912,,,
2302912,SPRING BRANCH ABOVE CONF,0,StreamGage,2302912_A,39.167320,-105.954946,PARK
2302912_A,2302912 Aug Stn,0,Diversion,2302148_Dwn,,,
2300760,SACRAMENTO DITCH,0,StreamGage,2302148,39.224848,-106.051440,PARK
2302148,MID FK S PLATTE MIN FLOW,0,InstreamFlow,2302148_Dwn,39.236448,-106.025425,PARK
2302148_Dwn,Mid Fk SPR ISF      _OTH,0,Other,2302913,,,
2302913,MIDDLE FORK SOUTH PLATTE,0,Diversion,2302913_A,39.109632,-105.890414,PARK
2302913_A,2302913 Aug Stn,0,Diversion,2302902,,,
2302902,MIDDLE FORK SOUTH PLATTE,0,Diversion,2302902_A,39.057989,-105.817334,PARK
2302902_A,2302902 Aug Stn,0,Diversion,2302903,,,
2302901_Pln,4 Mile Ck nr Harstel_PLN,0,Other,2302901RPln,,,
2302901RPln,4 Mile nr Harstel Te_PLN,0,Other,2302901,,,
2302904_Pln,4 Mile Ck nr High Ck_PLN,0,Other,2302904,,,
2302123,FOURMILE CREEK MIN FLOW,0,StreamGage,2302201,38.879478,-106.163976,PARK
2302201,BEERY DITCH DENVER TFR,0,Other,2302905,39.111572,-105.951933,PARK
2302905,Beery Ditch,0,Diversion,2302904,39.112242,-105.950141,PARK
2302904,FOUR MILE AT HIGH CREEK,0,Diversion,2302904_A,39.084038,-105.896325,PARK
2302904_A,2302904 Aug Stn,0,Diversion,2302901,,,
2302901,FOUR MILE CREEK NEAR HAR,0,Diversion,2302901_A,39.022389,-105.818243,PARK
2302901_A,2302901 Aug Stn,0,Diversion,2302922,,,
HOMSPICO,Homestake Pipeline,0,Diversion,HomestkPln,38.943880,-105.851400,
HomestkPln,Homestake PL Plan   _PLN,0,Other,Homestk_C,,,
Homestk_C,Homestake Type 13 Pl_PLN,0,Other,HOMSPICO_C,,,
HOMSPICO_C,Homestake Pipeline Divn,0,Diversion,2302922,,,
2302900_Pln,2302901 Plan        _PLN,0,Other,2302900,,,
2302103,SO FORK SO PLATTE MIN FL,0,StreamGage,2300500,39.067383,-106.232877,PARK
2300500,PLATTE STATION DITCH,0,Diversion,2302900,39.068055,-106.106589,PARK
2302900,SOUTH FORK OF SOUTH PLAT,0,Diversion,2302900_A,39.070789,-105.973386,PARK
2302900_A,2302900 Aug Stn,0,Diversion,2303904,,,
2303904,Antero Reservoir,0,Reservoir,PLAANTCO,38.993498,-105.895088,PARK
PLAANTCO,SOUTH PLATTE RIVER BELOW,0,StreamGage,2302922,38.993326,-105.890017,
2302922,HARTSEL COMPUTED,0,Other,2302903,39.020592,-105.801940,PARK
2302903,SOUTH PLATTE RIVER ABOVE,0,Diversion,2302903_A,38.997131,-105.675024,PARK
2302903_A,2302903 Aug Stn,0,Diversion,23_AMP001_I,,,
23_AMP001_I,WD23 Upper Agg Muni In,0,Diversion,23_AMP001_O,,,
23_AMP001_O,WD23 Upper Agg Muni Out,0,Diversion,23_AUP001_I,,,
23_AUP001_I,WD23 Upper Agg Uninc In,0,Diversion,23_AUP001_O,,,
23_AUP001_O,WD23 Upper Agg Uninc Out,0,Diversion,USR_ResPln,,,
USR_ResPln,Spinney Res Reuse Pl_PLN,0,Other,2304013,,,
2304013,Spinney Mountain Reservo,0,Reservoir,SpinMtnDRF,38.972233,-105.621742,PARK
SpinMtnDRF,Spinney Mtn Winter R_PLN,0,Other,SpinDRF_03,,,
SpinDRF_03,SpinneyWinterRFs 3% _PLN,0,Other,SpinDRF_04,,,
SpinDRF_04,SpinneyWinterRFs 4% _PLN,0,Other,SpinDRF_07,,,
SpinDRF_07,SpinneyWinterRFs 7% _PLN,0,Other,SpinDRF_11,,,
SpinDRF_11,SpinneyWinterRFs 11%_PLN,0,Other,SpinDRF_13,,,
SpinDRF_13,SpinneyWinterRFs 13%_PLN,0,Other,SpinDRF_16,,,
SpinDRF_16,SpinneyWinterRFs 16%_PLN,0,Other,SpinDRF_17,,,
SpinDRF_17,SpinneyWinterRFs 17%_PLN,0,Other,SpinDRF_21,,,
SpinDRF_21,SpinneyWinterRFs 21%_PLN,0,Other,06695000,,,
06695000,S PLATTE RIV AB 11-MILE,0,StreamGage,2303965,38.967492,-105.581390,PARK
2303965,Eleven Mile Reservoir,0,Reservoir,23_ARP016,38.904749,-105.475377,PARK
23_ARP016,WD23 Agg Rsvr,0,Reservoir,23_ASP010,,,
23_ASP010,WD23 Agg Stock Pond,0,Reservoir,23_ADP001,,,
23_ADP001,WD23 Tarryall Agg SW Div,0,Diversion,06696000,,,
06696000,SOUTH PLATTE RIVER NEAR,0,StreamGage,23_AUP002_I,38.905270,-105.473328,PARK
23_AUP002_I,WD23 Lower Agg Uninc In,0,Diversion,23_AUP002_O,,,
23_AUP002_O,WD23 Lower Agg Uninc Out,0,Diversion,8003550,,,
8003550,CHEESMAN RES,0,StreamGage,80_ARP019,39.199914,-105.283737,PARK
80_ARP019,WD80 Agg Rsvr,0,Reservoir,80_ASP012,,,
80_ASP012,WD80 Agg Stock Pond,0,Reservoir,06701500,,,
06701500,SOUTH PLATTE RIVER BELOW,0,StreamGage,06707500,39.209156,-105.267769,JEFFERSON
06707500,SOUTH PLATTE RIVER AT SO,0,StreamGage,AurStronPln,39.409157,-105.169991,JEFFERSON
AurStronPln,Aurora Strontia Reus_PLN,0,Other,0803983,,,
0803983,Strontia Springs Reservo,0,Reservoir,0801001,39.426806,-105.133614,DOUGLAS
0801001,Aurora Intake,0,Diversion,0801001_A,39.432704,-105.126585,DOUGLAS
0801001_A,0801001 Aug Stn,0,Diversion,0801017,,,
0801017,Denver Conduit 26,0,Diversion,06707501,39.432704,-105.126585,DOUGLAS
06707501,SOUTH PLATTE RIVER BELOW,0,Other,1982_MinFlow,39.434987,-105.123885,
1982_MinFlow,DWB 1982 Strontia Bypass,0,InstreamFlow,0801002_D,,,
0801002_D,Denver Conduit 20,0,Diversion,0801004,,,
0801004,Highline Canal,0,Well,0801006,39.482736,-105.116209,DOUGLAS
0801006,Last Chance Pump Stn,0,Diversion,08_ASP008,39.484466,-105.104750,JEFFERSON
08_ASP008,WD8 Agg Stock Pond,0,Reservoir,08_ARP013,,,
08_ARP013,WD8 Agg Rsvr,0,Reservoir,06708000,,,
06708000,SOUTH PLATTE RIVER AT WA,0,StreamGage,08_ADP003,39.488323,-105.092766,JEFFERSON
08_ADP003,WD8 SPR Agg SW Divn,0,Diversion,08_AWP003,,,
08_AWP003,WD8 SPR Agg GW Divn,0,Well,0801009_D,,,
0801009_D,NEVADADITCHDIVSYS,0,Diversion and Well,0801007,,,
0801007,LAST CHANCE DITCH 2,0,Diversion,0801008,39.560440,-105.060777,DOUGLAS
0801008,CITY DITCH PL,0,Diversion,0801100,39.557554,-105.062670,JEFFERSON
0801100,Chatfield Pumps,0,Diversion,0803514,39.530829,-105.089839,JEFFERSON
0803514,Chatfield Reservoir,0,Reservoir,Manifold,39.548957,-105.067506,DOUGLAS
Manifold,Chatfield Manifold,0,Diversion,08_AWP001,,,
08_AWP001,WD8 Agg Well 1,0,Well,PLACHACO,,,
PLACHACO,SOUTH PLATTE RIVER BELOW,0,Other,0801013,39.562484,-105.059711,
FoothillsWTP,Foothills WTP,0,Diversion,08_Denver_I,,,
BearCkPln,Bear Creek Div Plan _PLN,0,Other,0903501,,,
0903501,Marston Reservoir,0,Reservoir,0901700,39.630050,-105.068750,JEFFERSON
0901700,Martson WTP,0,Diversion,08_Denver_I,39.637712,-105.064096,JEFFERSON
08_Denver_I,DenverIndoorDem,0,Diversion,08_Denver_O,,,
08_Denver_O,DenverOutdoorDem,0,Diversion,0801013,,,
0801013,Englewood Intake,0,Diversion,06710247,39.632494,-105.014869,ARAPAHOE
06710247,SOUTH PLATTE RIVER BELOW,0,Other,06711565,39.632488,-105.014983,ARAPAHOE
0900767,INDEPENDENT HIGHLINE DIT,0,StreamGage,0900535,39.620439,-105.199463,JEFFERSON
0900535,BERGEN DITCH,0,Diversion,0900903,39.622101,-105.191387,JEFFERSON
0900903,WARRIOR/HARRIMAN D TK CR,0,Diversion,0903999,39.637622,-105.164599,JEFFERSON
09_ADP003,WD9 Agg SW Divn,0,StreamGage,0902115,,,
0902115,BEAR CR MIN FLOW,0,InstreamFlow,09_ARP014,39.659722,-105.286424,JEFFERSON
09_ARP014,WD9 Upper Agg Rsvr,0,Reservoir,06710500,,,
06710500,BEAR CREEK AT MORRISON,0,StreamGage,0902115_Dwn,39.653042,-105.195824,JEFFERSON
0902115_Dwn,Lower Bear Creek ISF_OTH,0,Other,0900963_D,,,
0900963_D,Warrior/Harriman Ditch,0,StreamGage,0900731_D,,,
0900731_D,Arnett/Harriman Ditch,0,Diversion,Cond15_PL,,,
Cond15_PL,Denver Conduit 15 water,0,Diversion,Conduit15,,,
Conduit15,Denver Conduit 15,0,Diversion,0900958,,,
0900958,WARD DITCH,0,Diversion,0903999,39.651944,-105.185473,JEFFERSON
0903999,Bear Creek Lake,0,Reservoir,0900752,39.650708,-105.142203,JEFFERSON
0900752,HODGSON DITCH,0,Diversion,0900816,39.663354,-105.102859,JEFFERSON
0900816,MCBROOM DITCH,0,Diversion,09_ARP015,39.652355,-105.042685,ARAPAHOE
09_ARP015,WD9 Lower Agg Rsvr,0,Reservoir,09_ASP009,,,
09_ASP009,WD9 Agg Stock Pond,0,Reservoir,06711500,,,
06711500,BEAR CREEK AT SHERIDAN,0,StreamGage,06711565,39.652210,-105.033035,ARAPAHOE
06711565,SOUTH PLATTE RIVER AT EN,0,StreamGage,0801014,39.664987,-105.004149,ARAPAHOE
0801014,Arapahoe Power Plant,0,Diversion,0801015,39.667770,-105.002169,DENVER
0801015,EPPERSON DITCH/PUMP,0,Diversion,ConMSPRRFs,,,DENVER
ConMSPRRFs,ConMutual SPR RFs   _PLN,0,Other,0200800,,,
0801400,ALDERMAN DITCH,0,StreamGage,08_ADP002,39.164051,-104.678533,DOUGLAS
08_ADP002,Cherry Creek above Frank,0,Diversion and Well,0801403,,,
0801403,Heiser Ditch,0,Well,0801404,39.215368,-104.662302,DOUGLAS
0801404,McCracken Ditch,0,Well,0801405,39.222982,-104.668487,DOUGLAS
0801405,Smith Ditch,0,Well,0801406,39.237340,-104.669532,DOUGLAS
0801406,SCHREIBER DITCH,0,Diversion,0801362,39.257605,-104.678422,DOUGLAS
0801492,IZZARD DITCH,0,StreamGage,0801412,39.179639,-104.740685,DOUGLAS
0801412,Sixty Seven Ditch,0,Well,0801413,39.208389,-104.718291,DOUGLAS
0801413,CRAWFORD DITCH,0,Diversion,0801414,39.217852,-104.710477,DOUGLAS
0801414,BIRMINGHAM DITCH,0,Diversion,0801416,39.232332,-104.701586,DOUGLAS
0801416,GOODRICH DITCH,0,Diversion,0801417,39.249618,-104.701600,DOUGLAS
0801417,ROCKY RIDGE DITCH,0,Diversion,0801362,39.254145,-104.703870,DOUGLAS
0801362,JOHN JONES DITCH,0,Diversion,08_AWP002,39.362900,-104.763116,DOUGLAS
08_AWP002,WD8 Cherry Ck Agg GW Div,0,Well,0805065,,,
0805065,Aurora Cherry Ck Wells,0,Well,0802593,,,
0802593,AURORA AUG,0,Other,08_AUP002_I,,,ARAPAHOE
08_AUP002_I,Cherry Ck Agg Uninc In,0,Well,08_AUP002_O,,,
08_AUP002_O,Cherry Ck Agg Uninc Out,0,Well,08_AMP002_I,,,
08_AMP002_I,Cherry Ck Agg Muni Out,0,Well,08_AMP002_O,,,
08_AMP002_O,Cherry Ck Agg Muni Out,0,Well,0803532,,,
0803532,CHERRY CREEK RESERVOIR,0,StreamGage,08_AWP005,39.640793,-104.855487,ARAPAHOE
08_AWP005,WD8 Agg Well 5,0,Well,AggWell_08,,,
AggWell_08,WD8 Agg Aug Plan    _PLN,0,Other,GwOnly_08,,,
GwOnly_08,WD8 GW Only Aug     _PLN,0,Other,06713500,,,
06713500,"CHERRY CREEK AT DENVER,",0,StreamGage,0200800,39.742487,-104.999982,DENVER
0200800,Farmers Gardeners Ditch,0,Diversion,09_AUP001_I,39.755661,-105.007598,DENVER
09_AUP001_I,WD9 Lower Agg Uninc In,0,Diversion,09_AUP001_O,,,
09_AUP001_O,WD9 Lower Agg Uninc Out,0,Diversion,09_AMP001_I,,,
09_AMP001_I,WD9 Lower Agg Muni In,0,Diversion,09_AMP001_O,,,
09_AMP001_O,WD9 Lower Agg Muni Out,0,Diversion,06714000,,,
06714000,SOUTH PLATTE RIVER AT DE,0,StreamGage,AggWell_02,39.759708,-105.003319,DENVER
AggWell_02,WD2 Agg Aug Plan    _PLN,0,Other,GwOnly_02,,,
GwOnly_02,WD2 GW Agg Aug Plan _PLN,0,Other,0200802,,,
0200802,Burlington Canal,0,Diversion,0200806,39.790179,-104.969400,DENVER
0200806,Gardeners Ditch,0,Diversion,06714215,39.801006,-104.959858,ADAMS
06714215,SOUTH PLATTE R AT 64TH A,0,Other,AurLastChRF,39.812208,-104.958313,ADAMS
Metro_WWTP,Metro WWTP,0,Diversion,Metro_Pumps,,,
Metro_Pumps,MetroPumpsHistDivns,0,Diversion,MetPumpsPln,,,
MetPumpsPln,Metro Pumps Plan    _PLN,0,Other,MetPump_PL,,,
MetPump_PL,MetroPumpsPipeline,0,Diversion,MetroDW,,,
MetroDW,DWB Metro Reuse Plan_PLN,0,Other,DW_ReusePL,,,
DW_ReusePL,DW Reuse PL to Cherokee,0,Diversion,MetroArv,,,
MetroArv,Arvada Metro Reuse P_PLN,0,Other,MetroAur,,,
MetroAur,Aurora Metro Reuse P_PLN,0,Other,AurThEff,,,
AurThEff,Aur WWTP to Thornton,0,Diversion,MetroTh,,,
MetroTh,Thornton Metro Reuse_PLN,0,Other,MetroWesty,,,
MetroWesty,Westminster Metro Re_PLN,0,Other,MetroConM,,,
MetroConM,Con Mutual Metro Reu_PLN,0,Other,MetroGold,,,
MetroGold,Golden Metro Reuse P_PLN,0,Other,AurLastChRF,,,
AurLastChRF,Aurora Last Chance R_PLN,0,Other,PSCoSPRFs,,,
0700547_I,LOWER CLEAR CREEK DEMAND,0,Diversion and Well,ThLCC02RFs,,,
ThLCC02RFs,Thornton LCC 02CW266_PLN,0,Other,ThLCC89RFs,,,
ThLCC89RFs,Thornton LCC 89CW132_PLN,0,Other,0700547,,,
WesBrownWTP,Wes Brown WTP,0,Diversion,WGLks_Pln,,,
WGLks_Pln,West Gravel Lakes Re_PLN,0,Other,0700547,,,
LCC_SplPln,LCC Split Plan      _PLN,0,Other,LCC_IrrPln,,,
LCC_IrrPln,LCC Irrig Plan      _PLN,0,Other,Ngl_LCCPln,,,
Ngl_LCCPln,Northglenn LCC Plan _PLN,0,Other,ThLCC89Pln,,,
ThLCC89Pln,Thornton LCC 89CW132_PLN,0,Other,ThLCC02Pln,,,
ThLCC02Pln,Thornton LCC 02CW266_PLN,0,Other,0700547,,,
0700549_I,COLORADO AG DEMAND,0,Diversion and Well,ThCoAg02RFs,,,
ThCoAg02RFs,Thornton CoAg 02CW26_PLN,0,Other,ThCoAg89RFs,,,
ThCoAg89RFs,Thornton CoAg 89CW13_PLN,0,Other,0700549,,,
CoAgSplPln,CoAg Split Plan     _PLN,0,Other,CoAgIrrPln,,,
CoAgIrrPln,CoAg Irrig Plan     _PLN,0,Other,ThCoAg89Pln,,,
ThCoAg89Pln,Thornton CoAg 89CW13_PLN,0,Other,ThCoAg02Pln,,,
ThCoAg02Pln,Thornton CoAg 02CW26_PLN,0,Other,WestyLCCRFs,,,
0700570_C,Fisher D to PSCO,0,Diversion,0700570_I,,,
0700570_I,Fisher Ditch Irrigators,0,Diversion,ThFishRFs1,,,
ThFishRFs1,Thornton Apr-Jul  Fi_PLN,0,Other,ThFishRFs2,,,
ThFishRFs2,Thornton Aug-Oct  Fi_PLN,0,Other,0700570,,,
FishSplPln,Fisher Ditch Split P_PLN,0,Other,FishIrrPln,,,
FishIrrPln,Fisher Ditch Irr Pla_PLN,0,Other,ThFishPln,,,
ThFishPln,Thornton Fisher Ditc_PLN,0,Other,PSCoFishPln,,,
PSCoFishPln,PSCo Fisher Ditch Pl_PLN,0,Other,PSCoFishOct,,,
PSCoFishOct,_PLN,0,Other,PSCoFishSep,,,
PSCoFishSep,_PLN,0,Other,PSCoFishAug,,,
PSCoFishAug,_PLN,0,Other,PSCoFishJul,,,
PSCoFishJul,_PLN,0,Other,PSCoFishJun,,,
PSCoFishJun,_PLN,0,Other,PSCoFishMay,,,
PSCoFishMay,_PLN,0,Other,PSCoFishApr,,,
PSCoFishApr,_PLN,0,Other,0700570,,,
0700597_I,KERSHAW DEMAND,0,Diversion and Well,0700597,,,
KerSplPln,Kershaw Split Plan  _PLN,0,Other,KerIrrPln,,,
KerIrrPln,Kershaw Irrig Plan  _PLN,0,Other,ThKerPln,,,
ThKerPln,Thornton Kershaw Pla_PLN,0,Other,WestyKerPln,,,
WestyKerPln,Westy Kershaw Plan  _PLN,0,Other,WestKer1Pln,,,
WestKer1Pln,Wessty 86CW398 Exch _PLN,0,Other,WestKer2Pln,,,
WestKer2Pln,Wessty 93CW176 Exch _PLN,0,Other,0700597,,,
0703308,ArvadaReservoir,0,Reservoir,07_Arvada_I,39.822701,-105.209161,JEFFERSON
RalstonIN,Ralston Creek Inflow,0,StreamGage,0703324,,,
0703324,Ralston Reservoir,0,Reservoir,MoffatWTP,39.828937,-105.245406,JEFFERSON
MoffatWTP,Moffat WTP,0,Diversion,07_Arvada_I,,,
07_Arvada_I,ArvadaIndoorDem,0,Diversion,07_Arvada_O,,,
07_Arvada_O,ArvadaOutdoorDem,0,Diversion,0700553_Arv,,,
0700553_Arv,ArvadaReleaseFromCroke,0,Diversion,0700614,,,
0700614,MANHART DITCH,0,Diversion,0700597,39.802831,-105.068010,JEFFERSON
0703336,Jim Baker Reservoir,0,Reservoir,JimBakerPln,,,
JimBakerPln,Jim Baker Reuse Plan_PLN,0,Other,0700597,,,
ConMutualAGG,ConMutualAggregReservoir,0,Reservoir,07_ConMut_I,,,
07_ConMut_I,ConMututalIndoorDem,0,Diversion,07_ConMut_O,,,
07_ConMut_O,ConMututalOutdoorDem,0,Diversion,0700551,,,
SouthSidPln,Coors South Side D C_PLN,0,Other,CoorsSprAug,,,
0703010,Coors South Lakes,0,Reservoir,0700527_D,39.816650,-105.408743,GILPIN
SluSplit1,Slough D Split No. 1_PLN,0,Other,SluSplit2,,,
SluSplit2,Slough D Split No. 2_PLN,0,Other,SluSplit3,,,
SluSplit3,Slough D Split No. 3_PLN,0,Other,SluSplit4,,,
SluSplit4,Slough D Split No. 4_PLN,0,Other,SluSplit5,,,
SluSplit5,Slough D Split No. 5_PLN,0,Other,GoldSluPln,,,
GoldSluPln,Golden Slough D Plan_PLN,0,Other,ArvSluPln,,,
ArvSluPln,Arvada Slough D Plan_PLN,0,Other,CoorsSluPln,,,
CoorsSluPln,Coors Slough D Plan _PLN,0,Other,0700527_D,,,
RJ_SplPln,Reno Juchem split Pl_PLN,0,Other,RJ_IrrPln,,,
RJ_IrrPln,Reno Juchem Irrig Pl_PLN,0,Other,CoorsRJPln,,,
CoorsRJPln,Coors Reno Juchem Pl_PLN,0,Other,0700647,,,
07_CoorsB,Coors Malting Potable De,0,Diversion,0702318,,,
0702318,SEWAGE DISPOSAL PLANT OU,0,Other,0700647,39.771703,-105.170871,JEFFERSON
07_Golden_I,GoldenIndoorDem,0,Diversion,07_Golden_O,,,
07_Golden_O,GoldenOutdoorDem,0,Diversion,Gold_WWTP,,,
Gold_WWTP,Golden WWTP         _PLN,0,Other,CoorsGuaPln,,,
Standley_RL,Stan1FillPlnSourceTo_PLN,0,Other,StanLimPln,,,
StanLimPln,Croke1FillPlnRightSt_PLN,0,Other,Stan1902Pln,,,
Stan1902Pln,Croke One Fill Sto R_PLN,0,Other,StanPlnT,,,
StanPlnT,Thornton 1902 Croke _PLN,0,Other,StanPlnW,,,
StanPlnW,Westy 1902 Croke    _PLN,0,Other,StanPlnN,,,
StanPlnN,Northglenn 1902 Crok_PLN,0,Other,StanPlnF,,,
StanPlnF,FRICO 1902 Croke    _PLN,0,Other,0700553,,,
ArvRJPln,Arvada Reno Juchem P_PLN,0,Other,0700553,,,
0700652_I,Rocky Mtn Ditch Irrigato,0,Diversion,0700652,,,
RM_SplPln,Rky Mtn D Split Plan_PLN,0,Other,RM_IrrPln,,,
RM_IrrPln,Rky Mtn D Irrig Plan_PLN,0,Other,CoorsRM_Pln,,,
CoorsRM_Pln,Coors Rky Mtn D Plan_PLN,0,Other,ConM_RM_Pln,,,
ConM_RM_Pln,ConMut Rky Mtn D Pln_PLN,0,Other,0700652,,,
0700601_I,Lee Stewart Eskins Irrig,0,Diversion,0700601,,,
LSE_SplPln,LSE Ditch Split Plan_PLN,0,Other,ConM_LSEPln,,,
ConM_LSEPln,Con Mutual LSE D Pla_PLN,0,Other,ConM_LS2Pln,,,
ConM_LS2Pln,Con Mutual LSE 1988 _PLN,0,Other,Gold_LSEPln,,,
Gold_LSEPln,Golden LSE D Plan   _PLN,0,Other,GoldLSE2Pln,,,
GoldLSE2Pln,Golden LSE Pln After_PLN,0,Other,LSE_IrrPln,,,
LSE_IrrPln,LSE Ditch Irrig Plan_PLN,0,Other,0700698,,,
0700698_I,Wannamaker Irrigators,0,Diversion,0703389,,,
0703389,Coors North Lakes,0,Reservoir,0700698,,,JEFFERSON
WannSplPln,Wannamaker D Split P_PLN,0,Other,WannIrrPln,,,
WannIrrPln,Wannamaker D Irrig P_PLN,0,Other,CoorsWanPln,,,
CoorsWanPln,Coors Wann D Plan   _PLN,0,Other,0700698,,,
07_CoorsC,Coors Cooling Demand,0,Diversion,07_C_AugPln,,,
FHL_SplPln,FHL Split Plan      _PLN,0,Other,FHL_IrrPln,,,
FHL_IrrPln,FHL Irrig Plan      _PLN,0,Other,ThFHLPln,,,
ThFHLPln,Thornton FHL Plan   _PLN,0,Other,WestyFHLPln,,,
WestyFHLPln,Westy FHL Plan      _PLN,0,Other,CoorsFHLPln,,,
CoorsFHLPln,Coors FHL Plan      _PLN,0,Other,ArvFHLPln,,,
ArvFHLPln,Arvada FHL Plan     _PLN,0,Other,0700569,,,
CosmcPln2,Coors Bypass Water S_PLN,0,Other,0700725,,,
AgSplPln,Ag Ditch Split Plan _PLN,0,Other,AgIrrPln,,,
AgIrrPln,Ag Ditch Irrig Plan _PLN,0,Other,ConM_Ag_Pln,,,
ConM_Ag_Pln,Con Mututal Ag D Pla_PLN,0,Other,CoorsAgPln,,,
CoorsAgPln,Coors Ag Ditch Plan _PLN,0,Other,0700502_I,,,
0700502_I,Ag Ditch Irrigators,0,Diversion,ConM_AgRFs,,,
ConM_AgRFs,Con Mutual Ag D RFs _PLN,0,Other,0700502,,,
ChrchSplPln,Church D Split Plan2_PLN,0,Other,ChrchSplPl1,,,
ChrchSplPl1,Church D Split Plan1_PLN,0,Other,ChrchIrrPln,,,
ChrchIrrPln,Church D Irrig Plan _PLN,0,Other,ArvChPln,,,
ArvChPln,Arvada Church Plan  _PLN,0,Other,CoorsChPln,,,
CoorsChPln,Coors Church Plan   _PLN,0,Other,ThChurchPln,,,
ThChurchPln,Thorn Church D Plan _PLN,0,Other,GoldChPln,,,
GoldChPln,Golden Church D Plan_PLN,0,Other,WestyChPln,,,
WestyChPln,Westy Church D Plan _PLN,0,Other,NglennChPln,,,
NglennChPln,Nglenn Church D Plan_PLN,0,Other,0700540,,,
CosmcPln1,Golden Bypass Water _PLN,0,Other,0700542,,,
GldnCtyDPln,Golden City Ditch Pl_PLN,0,Other,0700542,,,
WelchPln,WelchSplitPln       _PLN,0,Other,WelchIrrPln,,,
WelchIrrPln,Welch D Irrig Plan  _PLN,0,Other,WelcConMPln,,,
WelcConMPln,Welch D Con Mut Plan_PLN,0,Other,ConM_WelRFs,,,
ConM_WelRFs,Con Mutual Welch D R_PLN,0,Other,0700699,,,
0704626,Vidler Tunnel,0,Diversion,VidlerPln,39.631031,-105.767533,CLEAR CREEK
VidlerPln,Vidler Tunnel Plan  _PLN,0,Other,Vidler_C,,,
Vidler_C,Vidler Tunnel Type 1_PLN,0,Other,0704626_C,,,
0704626_C,Vidler Tunnel Divn,0,Diversion,0702113,,,
0702113,LEAVENWORTH CR MIN FLOW,0,StreamGage,0700681,39.613162,-105.774558,CLEAR CREEK
0700681,Georgetown D,0,Diversion,06716500,39.690205,-105.698940,CLEAR CREEK
0700903,Straight Creek Tunnel,0,Diversion,StratCkPln,39.678827,-105.905349,CLEAR CREEK
StratCkPln,Straight Ck Tun Plan_PLN,0,Other,StratCk_C,,,
StratCk_C,Straight Ck Tun Type_PLN,0,Other,0700903_C,,,
0700903_C,Straight Ck Tun Divn,0,Diversion,07_LSA,,,
07_LSA,Loveland Ski Area,0,StreamGage,0702109,,,
0702109,Upper Clear Ck ISF,0,InstreamFlow,06716500,39.674860,-105.923058,CLEAR CREEK
0704625,Berthoud Pass Divn,0,Diversion,BerthoudPln,39.797601,-105.777009,CLEAR CREEK
BerthoudPln,Berthoud Pass Plan  _PLN,0,Other,Berthoud_C,,,
Berthoud_C,Berthoud Pass Type 1_PLN,0,Other,0704625_C,,,
0704625_C,Berthoud Pass Divn,0,Diversion,BerthGold1,,,
BerthGold1,GoldSpringBerthoudDivn,0,Diversion,BerthGold2,,,
BerthGold2,GoldSummerBerthoudDivn,0,Diversion,BerthNglenn,,,
BerthNglenn,NglennBerthoudDivn,0,Diversion,0702118_Dwn,,,
0704650,Gumlick Tunnel,0,Diversion,GumlickPln,39.770213,-105.851181,CLEAR CREEK
GumlickPln,Gumlick Tunnel Plan _PLN,0,Other,Gumlick_C,,,
Gumlick_C,Gumlick Tun Type 13 _PLN,0,Other,0704650_C,,,
0704650_C,Gumlick Tunnel Divn,0,Diversion,0702118,,,
0702118,WEST FK CLEAR CR MIN FL,0,StreamGage,0704030,39.768613,-105.815551,CLEAR CREEK
0704030,Guanella Reservoir,0,Reservoir,0702118_Dwn,39.757705,-105.700435,CLEAR CREEK
0702118_Dwn,West Fk Clear Ck ISF_OTH,0,Other,06716500,,,
06716500,"CLEAR CREEK NEAR LAWSON,",0,StreamGage,0700699,39.765821,-105.626112,CLEAR CREEK
0700699,WELCH DITCH,0,Diversion,0700699_A,39.742785,-105.252453,JEFFERSON
0700699_A,Welch Aug Stn,0,Diversion,07_ARP011,,,
07_ARP011,WD7 Upper Agg Rsvr,0,Reservoir,07_AUP001_I,,,
07_AUP001_I,WD7 Upper Agg Uninc In,0,Diversion,07_AUP001_O,,,
07_AUP001_O,WD7 Upper Agg Uninc Out,0,Diversion,07_AMP001_I,,,
07_AMP001_I,WD7 Upper Agg Muni In,0,Diversion,07_AMP001_O,,,
07_AMP001_O,WD7 Upper Agg Muni Out,0,Diversion,06719500,,,
06719500,"CLEAR CREEK NEAR GOLDEN,",0,Other,GldPri12Pln,39.750543,-105.248878,JEFFERSON
GldPri12Pln,Golden LSE Priority _PLN,0,Other,0700542,,,
0700542,Golden City D,0,Diversion,0700540,39.751595,-105.246205,JEFFERSON
0700540,CHURCH DITCH,0,Diversion,0700540_A,39.752315,-105.245239,JEFFERSON
0700540_A,Church Aug Stn,0,Diversion,06719505,,,
0700540_I,Church Ditch Irrigators,0,Diversion,0700540_C,,,
0700540_C,Church D to Standley,0,Diversion,ThChurchRFs,,,
ThChurchRFs,Thornton Church RFs _PLN,0,Other,06719505,,,
06719505,"CLEAR CREEK AT GOLDEN, C",0,StreamGage,0701000,39.753043,-105.235267,JEFFERSON
0701000,Golden WhiteWater Course,0,InstreamFlow,0700502,39.753448,-105.230667,JEFFERSON
0700502,AGRICULTURAL DITCH,0,Diversion,0700502_A,39.757853,-105.220008,JEFFERSON
0700502_A,Ag Ditch Aug Stn,0,Diversion,07_CoorsA,,,
07_CoorsA,Coors Springs,0,Well,0700725,,,
0700725,Coors Ind Ditch,0,Diversion,0700569,39.758117,-105.218538,JEFFERSON
0700569,FARMERS HIGHLINE CNL,0,StreamGage,0700569_A,39.758703,-105.218470,JEFFERSON
0700569_A,FHL Aug Stn,0,Diversion,07_C_AugPln,,,
0700569_I,FHL DEMAND,0,Diversion and Well,0700569_C,,,
0700569_C,FHL Canal to Standley,0,Diversion,ThFHL_RFs,,,
ThFHL_RFs,Thornton FHL RFs    _PLN,0,Other,07_C_AugPln,,,
07_C_AugPln,CoorsC Aug Plan     _PLN,0,Other,0700698,,,
0700698,Wannamaker Ditch,0,Diversion,0700698_A,39.764345,-105.207712,JEFFERSON
0700698_A,Wannamaker Aug Stn,0,Diversion,0700601,,,
0700601,Lee Stewart Eskins Ditch,0,Diversion,0700652,39.764578,-105.204337,JEFFERSON
0700652,ROCKY MOUNTAIN DITCH,0,Diversion,0700652_A,39.768036,-105.194050,JEFFERSON
0700652_A,Rky Mtn Aug Stn,0,Diversion,CosCoExcPln,,,
CosCoExcPln,CoorsBypExchFromWGL _PLN,0,Other,CosCoExcWe,,,
CosCoExcWe,Westy Coors Byp Exch_PLN,0,Other,CosCoExcNg,,,
CosCoExcNg,Northglenn Coors Byp_PLN,0,Other,CosCoExcFR,,,
CosCoExcFR,FRICO Coors Byp Exch_PLN,0,Other,CosGoExcPln,,,
CosGoExcPln,GoldenBypassExchFrom_PLN,0,Other,CosGoExcWe,,,
CosGoExcWe,Westy Golden Byp Exc_PLN,0,Other,CosGoExcNg,,,
CosGoExcNg,Northglenn Golden By_PLN,0,Other,CoorsAug7,,,
CoorsAug7,Coors Wann Aug Stn  _PLN,0,Other,0700553,,,
0700553,Croke Canal,0,Diversion,CoorsGuaPln,39.768568,-105.193725,JEFFERSON
CoorsGuaPln,CoorsGuaranteeWater _PLN,0,Other,0700726,,,
0700726,Coors Ind Ditch,0,Diversion,CoorsAug3,39.771633,-105.171221,JEFFERSON
CoorsAug3,CoorsAgRkyMtn Aug St_PLN,0,Other,0700647,,,
0700647,Reno Juchem Ditch,0,Well,CoorsAug12,39.772350,-105.159547,JEFFERSON
CoorsAug12,Coors Reno Juch Aug _PLN,0,Other,0700527_D,,,
0700527_D,SLOUGH DIVSYS,0,Diversion and Well,0703390,,,
0703390,COORS AUG,0,Other,0700527_D_A,39.756257,-105.219539,JEFFERSON
0700527_D_A,Slough Aug Stn,0,Diversion,CoorsSprAug,,,
CoorsSprAug,Coors OOP Spring Dep_PLN,0,Other,0700669,,,
0700669,SOUTH SIDE DITCH,0,Diversion,0700632,39.774605,-105.126071,JEFFERSON
0700632,OUELETTE DITCH,0,Diversion,ConMClCkRFs,39.775053,-105.123110,JEFFERSON
ConMClCkRFs,ConMutual Clear Ck R_PLN,0,Other,0700551,,,
0700551,CORT GRAVES HUGHES DITCH,0,Diversion,0700597,39.784762,-105.082637,JEFFERSON
0700597,KERSHAW DITCH,0,Diversion,0700597_A,39.797004,-105.043756,ADAMS
0700597_A,Kershaw Aug Stn,0,Diversion,KershRFs,,,
KershRFs,Westy Kershaw Return_PLN,0,Other,0700570,,,
0700570,FISHER DITCH,0,Diversion,0700570_A,39.797899,-105.034482,ADAMS
0700570_A,Fisher Aug Stn,0,Diversion,ThLCC_RFs,,,
ThLCC_RFs,Thornton Lower Clear_PLN,0,Other,PSCoClCkRFs,,,
PSCoClCkRFs,PSCo Fisher D RFs   _PLN,0,Other,WestyLCCRFs,,,
WestyLCCRFs,Westy LCC Rtn Flows _PLN,0,Other,0700549,,,
0700549,Colorado Ag D,0,Diversion,BypReturn,39.815466,-105.000304,ADAMS
BypReturn,UnusedBypExchWtrCarrier,0,Diversion,0700547,,,
0700547,Lower Clear Ck D,0,Diversion,LCCLimitPln,39.816186,-105.001367,ADAMS
LCCLimitPln,LCCStoRelLimitToDitE_PLN,0,Other,0203699,,,
0203699,West Gravel/Brannan Lks,0,Reservoir,CosmicRel,39.848878,-104.949691,ADAMS
CosmicRel,WGL Nov1 Release,0,Diversion,07_ARP012,,,
07_ARP012,WD7 Lower Agg Rsvr,0,Reservoir,07_ASP007,,,
07_ASP007,WD7 Agg Stock Pond,0,Reservoir,07_AWP001,,,
07_AWP001,WD7 Lower Agg GW Divn,0,Well,07_ADP001,,,
07_ADP001,WD7 Agg SW Irrig,0,Diversion,AggWell_07,,,
AggWell_07,WD7 Agg Aug Plan    _PLN,0,Other,GwOnly_07,,,
GwOnly_07,_PLN,0,Other,06720000,,,
06720000,CLEAR CREEK AT DERBY,0,StreamGage,PSCoSPRFs,39.828320,-104.958870,ADAMS
PSCoSPRFs,PSCo SPR RFs        _PLN,0,Other,WestySPRFs,,,
WestySPRFs,Westminster SPR RFs _PLN,0,Other,ThornSPRFs1,,,
ThornSPRFs1,Thornton SPR RFs abv_PLN,0,Other,ThBurRFsYR,,,
ThBurRFsYR,Thornton Year-Round _PLN,0,Other,ThBurRFsSum,,,
ThBurRFsSum,Thornton Summer Burl_PLN,0,Other,SABurRFsYR,,,
SABurRFsYR,SACWSD Year-Round Bu_PLN,0,Other,SABurRFsSum,,,
SABurRFsSum,SA Summer Burl RFs  _PLN,0,Other,0200808,,,
0200808,Fulton Ditch,0,Diversion,0200808_A,39.877541,-104.903756,ADAMS
0200808_A,Fulton Aug Stn,0,Diversion,ThornSPRFs2,,,
ThornSPRFs2,Thornton SPR RFs abv_PLN,0,Other,NglnFulRFs,,,
NglnFulRFs,Northglenn Fulton RF_PLN,0,Other,SAC_FulRFs,,,
SAC_FulRFs,SACWSD Fulton RFs   _PLN,0,Other,0200809,,,
0200809,Brantner Ditch,0,Well,9902502,39.906636,-104.895409,ADAMS
9902502,SACWSD Aug Plan     _PLN,0,Other,BriFulRFs,,,
BriFulRFs,Bright Muni Fult RFs_PLN,0,Other,02_AWP005,,,
02_AWP005,WD2 Agg Wells 5,0,Well,06720500,,,
06720500,SOUTH PLATTE RIVER AT HE,0,StreamGage,0200810,39.921928,-104.868866,ADAMS
0200810,Brighton Ditch,0,Diversion,0200810_A,39.973981,-104.851040,ADAMS
0200810_A,Brighton Aug Stn,0,Diversion,0200812,,,
0200812,Lupton Bottom Ditch,0,Diversion,0200812_A,40.035128,-104.829457,WELD
0200812_A,Lupt Btm Aug Stn,0,Diversion,CenFulRFs,,,
CenFulRFs,CentalFultonRFs     _PLN,0,Other,CenBriRFs,,,
CenBriRFs,Central Brighton RFs_PLN,0,Other,0200813,,,
0200813,Platteville Ditch,0,Diversion,0200813_A,40.094305,-104.818869,WELD
0200813_A,Platteville Aug Stn,0,Diversion,02_AWP004,,,
02_AWP004,WD2 Agg Wells 4,0,Well,06721000,,,
06721000,SOUTH PLATTE RIVER AT FO,0,StreamGage,CenPVRFs,40.116094,-104.818583,WELD
CenPVRFs,Central PV RFs      _PLN,0,Other,CenLBRFs,,,
CenLBRFs,Central LB RFs      _PLN,0,Other,0200821,,,
0200821,Meadow Island No. 1,0,Well,0200821_A,40.121789,-104.821613,WELD
0200821_A,Mdw Isl 1 Aug Stn,0,Diversion,0200817,,,
0200817,Evans No 2 Ditch,0,Diversion,NglennLBRFs,40.127545,-104.815260,WELD
NglennLBRFs,Nglenn Lupt Btm RFs _PLN,0,Other,SAC_LBRFs,,,
SAC_LBRFs,SACWSD Lupt Btm RFs _PLN,0,Other,PSCoLBRFs,,,
PSCoLBRFs,PSCo Lupt Btm RFs   _PLN,0,Other,0200822,,,
0200822,Meadow Island  No. 2,0,Well,0200822_A,40.169389,-104.841571,WELD
0200822_A,Mdw Isl 2 Aug Stn,0,Diversion,0200824,,,
0200824,Farmers Indep Ditch,0,Diversion,0200824_A,40.206577,-104.827266,WELD
0200824_A,Farm Ind Aug Stn,0,Diversion,9903334_F,,,
9903334_F,GMS Reach F Aug Pln _PLN,0,Other,9903394_F,,,
9903394_F,WAS Reach F Aug Pln _PLN,0,Other,SAC_MI1RFs,,,
SAC_MI1RFs,SACWSD Mdw Isl1 RFs _PLN,0,Other,0200825,,,
0200825,Hewes Cook Ditch,0,Diversion,0200825_A,40.233017,-104.858468,WELD
0200825_A,Hewes Cook Aug Stn,0,Diversion,PSCoMISPRFs,,,
PSCoMISPRFs,PSCo MI2 SPR RFs    _PLN,0,Other,0200826,,,
0200826,Jay Thomas Ditch,0,Well,PSCoSPRFs2,40.244375,-104.862794,WELD
PSCoSPRFs2,PSCo Jay T/Hewes RFs_PLN,0,Other,0200828,,,
0200828,Union Ditch,0,Diversion,0200830,40.312961,-104.816285,WELD
0200830,Section No. 3 Ditch,0,Well,0200830_A,40.340561,-104.782184,WELD
0200830_A,Sec No 3 Aug Stn,0,Diversion,9903334_C,,,
9903334_C,GMS Reach C Aug Pln _PLN,0,Other,9903394_C,,,
9903394_C,WAS Reach C AugPln  _PLN,0,Other,CenFarmRFs,,,
CenFarmRFs,Central Farm Ind RFs_PLN,0,Other,CenSN3RFs,,,
CenSN3RFs,Central Sec. No3 RFs_PLN,0,Other,0200834,,,
0200834,Lower Latham Ditch,0,Diversion,0200836,40.361647,-104.703443,WELD
0200836,Patterson Ditch,0,Well,0200837,40.389905,-104.659488,WELD
0200837,Highland Ditch,0,Diversion,0200837_A,40.400954,-104.620073,WELD
0200837_A,Highland Aug Stn,0,Diversion,9903334_B,,,
9903334_B,GMS Reach B AugPln  _PLN,0,Other,9903394_B,,,
9903394_B,WASReachBAugPln     _PLN,0,Other,CenHighRFs,,,
CenHighRFs,Central Highland RFs_PLN,0,Other,9902541,,,
9902541,Brighton Aug Plan   _PLN,0,Other,02_AUP001_I,,,
02_AUP001_I,WD 2 Agg Uninc In,0,Well,02_AUP001_O,,,
02_AUP001_O,WD 2 Agg Uninc Out,0,Well,02_ADP003,,,
02_ADP003,South Platte River below,0,Diversion and Well,02_AWP003,,,
02_AWP003,WD2 Agg Wells 3,0,Well,02_ARP002,,,
02_ARP002,WD2 Agg Rsvr,0,Reservoir,02_ASP002,,,
02_ASP002,WD2 Agg Stock Pond,0,Reservoir,0103397,,,
0103397,LOWER POUDRE AUGMENTATIO,0,Other,0103336,40.459305,-104.782845,WELD
0103336,POUDRE_PLAN_AUG     _PLN,0,Other,06754000,,,
06754000,SOUTH PLATTE RIVER NEAR,0,StreamGage,9903334_D,40.411926,-104.562737,WELD
9903334_D,GMS Reach D Aug Pln _PLN,0,Other,9903394_D,,,
9903394_D,WAS Reach D Aug Pln _PLN,0,Other,9903334_E,,,
9903334_E,GMS Reach E Aug Pln _PLN,0,Other,9903394_E,,,
9903394_E,WAS Reach E Aug Plan_PLN,0,Other,9903334_A,,,
9903334_A,GMS Reach A Aug Pln _PLN,0,Other,9903394_A,,,
9903394_A,WAS Reach A Aug Plan_PLN,0,Other,0100501,,,
0100501,Empire Canal,0,Diversion,0100503_D,40.378525,-104.483983,WELD
0100503_D,Riverside Div System,0,Diversion,0102522,,,
0102522,RIVERSIDE AUG,0,Other,0102513_ReW,40.341976,-104.254445,WELD
0102513_ReW,Rothe Recharge Well,0,Well,0100507_D,,,
0100507_D,Bijou Div System,0,Diversion,0103339,,,
0103339,BIJOU AUG PLAN,0,Other,0100513,40.322505,-104.381319,WELD
0100513,JACKSON LAKE INLET DITCH,0,StreamGage,0100511,40.307046,-104.250028,WELD
0100511,Weldon Valley Ditch,0,Well,0102513,40.309334,-104.159623,WELD
0102513,WIGGINS FARMS AUG,0,Other,01_AWP033,40.318049,-104.043254,MORGAN
01_AWP033,South Platte River Above,0,Well,0100514,,,
0100514,Ft Morgan Div System,0,Well,0102528,40.353523,-104.016705,MORGAN
0102528,FT MORGAN CNL AUG PLAN,0,Other,0102456,40.355140,-104.020528,MORGAN
0102456,FT MORGAN CITY AUG,0,Other,01_ADP037,40.239532,-103.782672,MORGAN
01_ADP037,South Platte River below,0,Diversion and Well,06758500,,,
06758500,SOUTH PLATTE RIVER NEAR,0,StreamGage,0100517,40.321388,-103.920280,MORGAN
0100517,Deuel Snyder Canal,0,Well,0100515,40.277648,-103.836038,MORGAN
0100515,Upper Platte Beaver Cana,0,Well,0102529,40.274699,-103.833983,MORGAN
0102529,UPPER PLATTE & BEAVER AU,0,Other,01_AMP001_I,,,MORGAN
01_AMP001_I,WD 1 Muni Ind,0,Well,01_AMP001_O,,,
01_AMP001_O,WD 1 Muni Out,0,Well,0100518,,,
0100518,Lower Platte Beaver Ditc,0,Well,0102535,40.280411,-103.701223,MORGAN
0102535,LOWER PLATTE BEAVER AUG,0,Other,0100519_D,,,MORGAN
0100519_D,TREMONT DITCH DIVSYS,0,Diversion and Well,0102518,,,
0102518,PIONEER AUG PLAN,0,Other,0100520,40.282826,-103.706290,MORGAN
0100520,Gill Stevens Ditch,0,Well,0102662,40.291474,-103.639533,MORGAN
0102662,BRUSH AUG,0,Other,0100524,40.268663,-103.650300,MORGAN
0100524,Trowell Ditch,0,Well,0100711,40.318922,-103.594508,MORGAN
0100711,,0,Well,0100687,,,
0100687,N Sterling Div System,0,Diversion,0100688,40.352461,-103.540756,MORGAN
0100688,Union Ditch,0,Well,01_ASP001,40.352461,-103.540756,MORGAN
01_ASP001,WD 1 Agg Stock Res,0,Reservoir,01_ARP001,,,
01_ARP001,WD 1 Agg Res,0,Reservoir,Lost_Creek,,,
Lost_Creek,Lost_Creek Aug Plan _PLN,0,Other,Kiowa_Bijou,,,
Kiowa_Bijou,Kiowa_Bijou Aug Plan_PLN,0,Other,Coffin_Well,,,
Coffin_Well,Coffin Well Aug Plan_PLN,0,Other,AggWell_01,,,
AggWell_01,01_AggWell Aug Plan _PLN,0,Other,GwOnly_01,,,
GwOnly_01,01_GWOnly Aug Plan  _PLN,0,Other,01_AUP001_I,,,
01_AUP001_I,WD 1 Unincorp Ind,0,Well,01_AUP001_O,,,
01_AUP001_O,WD 1 Unincorp Out,0,Well,01_AUP002_I,,,
01_AUP002_I,WD 1 Unincorp Ind,0,Well,01_AUP002_O,,,
01_AUP002_O,WD 1 Unincorp Out,0,Well,06759910,,,
06759910,SOUTH PLATTE RIVER AT CO,0,StreamGage,0100525,40.357498,-103.528053,MORGAN
0100525,TETSEL DITCH,0,Diversion,0100829,40.379145,-103.479279,MORGAN
0100829,Prewitt Res Inlet,0,Diversion,0100526,40.379763,-103.478322,MORGAN
0100526,Johnson Edwards Ditch,0,Well,6400535,40.379763,-103.478322,MORGAN
6400535,South Platte Ditch,0,Well,6402539,40.410399,-103.438269,WASHINGTON
6402539,LOGAN WELL USERS AUG,0,Other,6400533,40.499518,-103.310841,LOGAN
6400533,Pawnee Ditch,0,Well,6402519,40.457135,-103.390957,LOGAN
6402519,DINSDALE AUG,0,Other,6400532,40.878957,-102.668877,LOGAN
6400532,DAVIS BROS DITCH,0,Well,6400531,40.470196,-103.334215,LOGAN
6400531,Schneider Ditch,0,Well,6400530,40.499955,-103.310987,LOGAN
6400530,Springdale Ditch,0,Well,6400528,40.534560,-103.275287,LOGAN
6400528,Sterling No. 1 Irrigatio,0,Well,6400528_RF,40.545740,-103.256697,LOGAN
6400528_RF,SterlingNo1 TC      _PLN,0,Other,6400526,,,
6400526,STERLING IRR CO DITCH 2,0,Diversion,6400525,40.601735,-103.202650,LOGAN
6400525,HENDERSON SMITH DITCH,0,Diversion,6400525_RF,40.618621,-103.183330,LOGAN
6400525_RF,HendersonSmith TC   _PLN,0,Other,6400524,,,
6400524,Lowline Ditch,0,Well,6402526,40.620976,-103.188775,LOGAN
6402526,STERLING AUG,0,Other,6402540,40.677608,-103.136063,LOGAN
6402540,LOWLINE DITCH CO AUG,0,Other,6400522_D,40.622295,-103.187417,LOGAN
6400522_D,BRAVODITCHDIVSYS,0,Diversion and Well,6400520,,,
6400520,Iliff Platte Valley Ditc,0,Well,6400519,40.725428,-103.124138,LOGAN
6400519,JUD BRUSH DITCH,0,Diversion,6400518,40.727953,-103.108475,LOGAN
6400518,LONE TREE DITCH,0,StreamGage,6400516,40.740011,-103.063566,LOGAN
6400516,Powell Blair Ditch,0,Well,6400599,40.782414,-103.004030,LOGAN
6400599,Rice Ditch,0,Well,6400514,40.783890,-102.960973,LOGAN
6400514,Ramsey Ditch,0,Well,6400513,40.795628,-102.946030,LOGAN
6400513,Chambers Ditch,0,Well,6402525,40.811853,-102.894462,LOGAN
6402525,CONDON AUG,0,Other,6403392,40.811688,-102.913629,LOGAN
6403392,NORTH STERLING AUG,0,Other,6400511_D,40.632308,-103.230550,LOGAN
6400511_D,Harmony Div System,0,Diversion,6402518,,,
6402518,HARMONY DITCH CO AUG,0,Other,6402536,40.821918,-102.881349,LOGAN
6402536,LOWER LOGAN WELL USERS A,0,Other,6400508,40.722298,-103.125205,LOGAN
6400508,Settlers Ditch,0,Well,6400507,40.857490,-102.751810,LOGAN
6400507,Long Island Ditch,0,Well,6400506,40.862321,-102.714371,LOGAN
6400506,Red Lion Supply Ditch,0,Well,6400504,40.862336,-102.704672,LOGAN
6400504,Peterson Ditch,0,Well,6402517,40.923618,-102.549234,SEDGWICK
6402517,SEDGWICK CTY WL USERS AU,0,Other,6400503,40.922706,-102.611057,SEDGWICK
6400503,South Reservation Ditch,0,Well,6400502,40.942464,-102.446501,SEDGWICK
6400502,Liddle Ditch,0,Well,6402542,40.954919,-102.383755,SEDGWICK
6402542,LSPWCD AUG,0,Other,6400643,40.958649,-102.342250,SEDGWICK
6400643,HEYBORNE LIFT STATION,0,Diversion,6400501,40.945168,-102.337528,SEDGWICK
6400501,CARLSON DITCH,0,Diversion,64_AUP001_I,40.941577,-102.317836,SEDGWICK
64_AUP001_I,WD 64 Unincorp Ind,0,Well,64_AUP001_O,,,
64_AUP001_O,WD 64 Unincorp Out,0,Well,Upper_Crow,,,
Upper_Crow,Upper_Crow Aug Plan _PLN,0,Other,Camp_Creek,,,
Camp_Creek,Camp_Creek Aug Plan _PLN,0,Other,AggWell_64,,,
AggWell_64,AggWell_64 Aug Plan _PLN,0,Other,GwOnly_64,,,
GwOnly_64,GwOnly_64 Aug Plan  _PLN,0,Other,64_ARP001,,,
64_ARP001,WD 64 Agg Res,0,Reservoir,64_ASP001,,,
64_ASP001,WD 64 Agg Stock Res,0,Reservoir,06764000,,,
06764000,SOUTH PLATTE RIVER AT JU,0,StreamGage,6499999,40.974995,-102.251854,SEDGWICK
6499999,South Platte Compact,0,InstreamFlow,END,40.982546,-102.247062,SEDGWICK
END,_END,0,Other,,,,
